,Zone Name,Electrification Type,Reporting,ID,Name,Utility,Heat Rate,Capacity,Nameplate Capacity,Fuel,Area,Variable O&M,Fixed O&M,Var Cost Mod1,Var Cost Mod2,Fix Cost Mod1,Fix Cost Mod2,Forced Outage,Maintenance Rate,Non Cycling,Must Run,Start Up Costs,Minimum Capacity,Resource Begin Date,Resource End Date,Capacity Monthly Shape,Heat Rate at Minimum,Heat Rate Scalar,Ramp Rate,Min Up Time,Min Down Time,Shutdown Penalty,Maintenance Cycle,Maintenance Length,Maintenance Priority,Schedule Maintenance,Committed Heat Rate,Hourly Shaping Factor,Storage Control Type,Storage Inflow,Recharge Capacity,Maximum Storage,Initial Contents,Primary Fuel Limit,Start Fuel ID,Start Fuel Amount,Fuel Adder,Fuel Multiplier,Second Fuel,Second Fuel Limit,Second Fuel Adder,Second Fuel Heat Rate,Second Fuel Multiplier,Second Emission Rate ID,Constraint ID,Emission Rate ID,Emission Price ID,Hydro Number,Resource Group,Mean Repair Time,Risk Outage,Risk Resource Link,Cycle Only Capacity,Cycle Only Heat Rate,Cycle Only Startup Cost,UBB Heat Rate,UBB Bidding Factor,UBB Segment Size,UBB Bidding Shape,Bidding Factor,Bidding Shape,Bidding Adder,Shadow Bidding Adder,Shadow Bidding Resource,Max Operating Reserve,Reliability Area,Reliability Share,Dependency ID,Resource Fixed,Can Drop,Peak Credit,CONE,Heat Rate Units,Currency Units,Custom Memory,RPS,zREM Change Description,zREM Alternate ID,zREM Alternate Source,zREM Alternate Source ID,zREM EIA Plant Code,zREM EIA Gen Code,zREM EIA Utility Code,zREM Status,zREM Mothballed,zREM Commercial Date,zREM Unit Type = Prime Mover,zREM Technology Notation,zREM Cogen,zREM Total Capacity,zREM Primary Fuel,zREM Alternate Fuel,zREM ESD Plant Name,zREM NERC Region Plant Location,zREM ISO,zREM Country,zREM Plant State,zREM Plant County,zREM Plant City,zREM Plant Address,zREM Plant ZipCode,Latitude,Longitude,zREM Geo Source,zREM Resource Group USCensus,zREM Resource Group Generic Primary Fuel,zREM Resource Group Generic UnitType,zREM Service Territory,zREM River System,Primary Key,zREM NERC Assessment Area,Base Resource ID,Outage Scale Method,zREM EIA Nameplate Cap,zREM EIA Summer Cap,zREM EIA Winter Cap,zREM EIA Year,zREM Former Resource ID,Storage ID,Include Capability In Net Demand
0,WECC_AZPublicService,SH,FALSE,SH0,WECC_AZPublicService_SH,na,0,yr_WECC_AZPublicService_capacity_SH0,yr_WECC_AZPublicService_capacity_SH0,E3_NR,624.0,FUEL,FUEL,FUEL,FUEL,FUEL,FUEL,FUEL,FUEL,FUEL,0,FUEL,0,1/1/2017,12/31/2054,FUEL,,,FUEL,0,0,,FUEL,FUEL,,FUEL,,hr_ElecLoadShapes|AZ_SH|2009,,,,,,,,,,,,,,,,,,,,,,,,,,,,,,,,,,,,,,,,,TRUE,FUEL,1,,,,,,,,,,,,,OP,,2018,,,,,,,,,,,,,,,,,,,,,,,,,,,,,,,,,,TRUE
1,WECC_CA_BANC,SH,FALSE,SH1,WECC_CA_BANC_SH,na,0,yr_WECC_CA_BANC_capacity_SH1,yr_WECC_CA_BANC_capacity_SH1,E3_NR,83.0,FUEL,FUEL,FUEL,FUEL,FUEL,FUEL,FUEL,FUEL,FUEL,0,FUEL,0,1/1/2017,12/31/2054,FUEL,,,FUEL,0,0,,FUEL,FUEL,,FUEL,,hr_ElecLoadShapes|CA_SH|2009,,,,,,,,,,,,,,,,,,,,,,,,,,,,,,,,,,,,,,,,,TRUE,FUEL,1,,,,,,,,,,,,,OP,,2018,,,,,,,,,,,,,,,,,,,,,,,,,,,,,,,,,,TRUE
2,WECC_CA_IID,SH,FALSE,SH2,WECC_CA_IID_SH,na,0,yr_WECC_CA_IID_capacity_SH2,yr_WECC_CA_IID_capacity_SH2,E3_NR,78.0,FUEL,FUEL,FUEL,FUEL,FUEL,FUEL,FUEL,FUEL,FUEL,0,FUEL,0,1/1/2017,12/31/2054,FUEL,,,FUEL,0,0,,FUEL,FUEL,,FUEL,,hr_ElecLoadShapes|CA_SH|2009,,,,,,,,,,,,,,,,,,,,,,,,,,,,,,,,,,,,,,,,,TRUE,FUEL,1,,,,,,,,,,,,,OP,,2018,,,,,,,,,,,,,,,,,,,,,,,,,,,,,,,,,,TRUE
3,WECC_CA_LDWP,SH,FALSE,SH3,WECC_CA_LDWP_SH,na,0,yr_WECC_CA_LDWP_capacity_SH3,yr_WECC_CA_LDWP_capacity_SH3,E3_NR,79.0,FUEL,FUEL,FUEL,FUEL,FUEL,FUEL,FUEL,FUEL,FUEL,0,FUEL,0,1/1/2017,12/31/2054,FUEL,,,FUEL,0,0,,FUEL,FUEL,,FUEL,,hr_ElecLoadShapes|CA_SH|2009,,,,,,,,,,,,,,,,,,,,,,,,,,,,,,,,,,,,,,,,,TRUE,FUEL,1,,,,,,,,,,,,,OP,,2018,,,,,,,,,,,,,,,,,,,,,,,,,,,,,,,,,,TRUE
4,WECC_CA_PGandE_BayArea,SH,FALSE,SH4,WECC_CA_PGandE_BayArea_SH,na,0,yr_WECC_CA_PGandE_BayArea_capacity_SH4,yr_WECC_CA_PGandE_BayArea_capacity_SH4,E3_NR,80.0,FUEL,FUEL,FUEL,FUEL,FUEL,FUEL,FUEL,FUEL,FUEL,0,FUEL,0,1/1/2017,12/31/2054,FUEL,,,FUEL,0,0,,FUEL,FUEL,,FUEL,,hr_ElecLoadShapes|CA_SH|2009,,,,,,,,,,,,,,,,,,,,,,,,,,,,,,,,,,,,,,,,,TRUE,FUEL,1,,,,,,,,,,,,,OP,,2018,,,,,,,,,,,,,,,,,,,,,,,,,,,,,,,,,,TRUE
5,WECC_CA_PGandE_North,SH,FALSE,SH5,WECC_CA_PGandE_North_SH,na,0,yr_WECC_CA_PGandE_North_capacity_SH5,yr_WECC_CA_PGandE_North_capacity_SH5,E3_NR,45.0,FUEL,FUEL,FUEL,FUEL,FUEL,FUEL,FUEL,FUEL,FUEL,0,FUEL,0,1/1/2017,12/31/2054,FUEL,,,FUEL,0,0,,FUEL,FUEL,,FUEL,,hr_ElecLoadShapes|CA_SH|2009,,,,,,,,,,,,,,,,,,,,,,,,,,,,,,,,,,,,,,,,,TRUE,FUEL,1,,,,,,,,,,,,,OP,,2018,,,,,,,,,,,,,,,,,,,,,,,,,,,,,,,,,,TRUE
6,WECC_CA_PGandE_ZP26,SH,FALSE,SH6,WECC_CA_PGandE_ZP26_SH,na,0,yr_WECC_CA_PGandE_ZP26_capacity_SH6,yr_WECC_CA_PGandE_ZP26_capacity_SH6,E3_NR,81.0,FUEL,FUEL,FUEL,FUEL,FUEL,FUEL,FUEL,FUEL,FUEL,0,FUEL,0,1/1/2017,12/31/2054,FUEL,,,FUEL,0,0,,FUEL,FUEL,,FUEL,,hr_ElecLoadShapes|CA_SH|2009,,,,,,,,,,,,,,,,,,,,,,,,,,,,,,,,,,,,,,,,,TRUE,FUEL,1,,,,,,,,,,,,,OP,,2018,,,,,,,,,,,,,,,,,,,,,,,,,,,,,,,,,,TRUE
7,WECC_CA_SCE,SH,FALSE,SH7,WECC_CA_SCE_SH,na,0,yr_WECC_CA_SCE_capacity_SH7,yr_WECC_CA_SCE_capacity_SH7,E3_NR,46.0,FUEL,FUEL,FUEL,FUEL,FUEL,FUEL,FUEL,FUEL,FUEL,0,FUEL,0,1/1/2017,12/31/2054,FUEL,,,FUEL,0,0,,FUEL,FUEL,,FUEL,,hr_ElecLoadShapes|CA_SH|2009,,,,,,,,,,,,,,,,,,,,,,,,,,,,,,,,,,,,,,,,,TRUE,FUEL,1,,,,,,,,,,,,,OP,,2018,,,,,,,,,,,,,,,,,,,,,,,,,,,,,,,,,,TRUE
8,WECC_CA_SDGE,SH,FALSE,SH8,WECC_CA_SDGE_SH,na,0,yr_WECC_CA_SDGE_capacity_SH8,yr_WECC_CA_SDGE_capacity_SH8,E3_NR,82.0,FUEL,FUEL,FUEL,FUEL,FUEL,FUEL,FUEL,FUEL,FUEL,0,FUEL,0,1/1/2017,12/31/2054,FUEL,,,FUEL,0,0,,FUEL,FUEL,,FUEL,,hr_ElecLoadShapes|CA_SH|2009,,,,,,,,,,,,,,,,,,,,,,,,,,,,,,,,,,,,,,,,,TRUE,FUEL,1,,,,,,,,,,,,,OP,,2018,,,,,,,,,,,,,,,,,,,,,,,,,,,,,,,,,,TRUE
9,WECC_CA_TIDC,SH,FALSE,SH9,WECC_CA_TIDC_SH,na,0,yr_WECC_CA_TIDC_capacity_SH9,yr_WECC_CA_TIDC_capacity_SH9,E3_NR,600.0,FUEL,FUEL,FUEL,FUEL,FUEL,FUEL,FUEL,FUEL,FUEL,0,FUEL,0,1/1/2017,12/31/2054,FUEL,,,FUEL,0,0,,FUEL,FUEL,,FUEL,,hr_ElecLoadShapes|CA_SH|2009,,,,,,,,,,,,,,,,,,,,,,,,,,,,,,,,,,,,,,,,,TRUE,FUEL,1,,,,,,,,,,,,,OP,,2018,,,,,,,,,,,,,,,,,,,,,,,,,,,,,,,,,,TRUE
10,WECC_ElPasoElectric,SH,FALSE,SH10,WECC_ElPasoElectric_SH,na,0,yr_WECC_ElPasoElectric_capacity_SH10,yr_WECC_ElPasoElectric_capacity_SH10,E3_NR,628.0,FUEL,FUEL,FUEL,FUEL,FUEL,FUEL,FUEL,FUEL,FUEL,0,FUEL,0,1/1/2017,12/31/2054,FUEL,,,FUEL,0,0,,FUEL,FUEL,,FUEL,,hr_ElecLoadShapes|NM_SH|2009,,,,,,,,,,,,,,,,,,,,,,,,,,,,,,,,,,,,,,,,,TRUE,FUEL,1,,,,,,,,,,,,,OP,,2018,,,,,,,,,,,,,,,,,,,,,,,,,,,,,,,,,,TRUE
11,WECC_NevadaNorth,SH,FALSE,SH11,WECC_NevadaNorth_SH,na,0,yr_WECC_NevadaNorth_capacity_SH11,yr_WECC_NevadaNorth_capacity_SH11,E3_NR,55.0,FUEL,FUEL,FUEL,FUEL,FUEL,FUEL,FUEL,FUEL,FUEL,0,FUEL,0,1/1/2017,12/31/2054,FUEL,,,FUEL,0,0,,FUEL,FUEL,,FUEL,,hr_ElecLoadShapes|NV_SH|2009,,,,,,,,,,,,,,,,,,,,,,,,,,,,,,,,,,,,,,,,,TRUE,FUEL,1,,,,,,,,,,,,,OP,,2018,,,,,,,,,,,,,,,,,,,,,,,,,,,,,,,,,,TRUE
12,WECC_NevadaSouth,SH,FALSE,SH12,WECC_NevadaSouth_SH,na,0,yr_WECC_NevadaSouth_capacity_SH12,yr_WECC_NevadaSouth_capacity_SH12,E3_NR,60.0,FUEL,FUEL,FUEL,FUEL,FUEL,FUEL,FUEL,FUEL,FUEL,0,FUEL,0,1/1/2017,12/31/2054,FUEL,,,FUEL,0,0,,FUEL,FUEL,,FUEL,,hr_ElecLoadShapes|NV_SH|2009,,,,,,,,,,,,,,,,,,,,,,,,,,,,,,,,,,,,,,,,,TRUE,FUEL,1,,,,,,,,,,,,,OP,,2018,,,,,,,,,,,,,,,,,,,,,,,,,,,,,,,,,,TRUE
13,WECC_NorthwesternMT,SH,FALSE,SH13,WECC_NorthwesternMT_SH,na,0,yr_WECC_NorthwesternMT_capacity_SH13,yr_WECC_NorthwesternMT_capacity_SH13,E3_NR,617.0,FUEL,FUEL,FUEL,FUEL,FUEL,FUEL,FUEL,FUEL,FUEL,0,FUEL,0,1/1/2017,12/31/2054,FUEL,,,FUEL,0,0,,FUEL,FUEL,,FUEL,,hr_ElecLoadShapes|MT_SH|2009,,,,,,,,,,,,,,,,,,,,,,,,,,,,,,,,,,,,,,,,,TRUE,FUEL,1,,,,,,,,,,,,,OP,,2018,,,,,,,,,,,,,,,,,,,,,,,,,,,,,,,,,,TRUE
14,WECC_PNW_Avista,SH,FALSE,SH14,WECC_PNW_Avista_SH,na,0,yr_WECC_PNW_Avista_capacity_SH14,yr_WECC_PNW_Avista_capacity_SH14,E3_NR,607.0,FUEL,FUEL,FUEL,FUEL,FUEL,FUEL,FUEL,FUEL,FUEL,0,FUEL,0,1/1/2017,12/31/2054,FUEL,,,FUEL,0,0,,FUEL,FUEL,,FUEL,,hr_ElecLoadShapes|WA_SH|2009,,,,,,,,,,,,,,,,,,,,,,,,,,,,,,,,,,,,,,,,,TRUE,FUEL,1,,,,,,,,,,,,,OP,,2018,,,,,,,,,,,,,,,,,,,,,,,,,,,,,,,,,,TRUE
15,WECC_PNW_Bonneville_IDMT,SH,FALSE,SH15,WECC_PNW_Bonneville_IDMT_SH,na,0,yr_WECC_PNW_Bonneville_IDMT_capacity_SH15,yr_WECC_PNW_Bonneville_IDMT_capacity_SH15,E3_NR,611.0,FUEL,FUEL,FUEL,FUEL,FUEL,FUEL,FUEL,FUEL,FUEL,0,FUEL,0,1/1/2017,12/31/2054,FUEL,,,FUEL,0,0,,FUEL,FUEL,,FUEL,,hr_ElecLoadShapes|MT_SH|2009,,,,,,,,,,,,,,,,,,,,,,,,,,,,,,,,,,,,,,,,,TRUE,FUEL,1,,,,,,,,,,,,,OP,,2018,,,,,,,,,,,,,,,,,,,,,,,,,,,,,,,,,,TRUE
16,WECC_PNW_Bonneville_OR,SH,FALSE,SH16,WECC_PNW_Bonneville_OR_SH,na,0,yr_WECC_PNW_Bonneville_OR_capacity_SH16,yr_WECC_PNW_Bonneville_OR_capacity_SH16,E3_NR,609.0,FUEL,FUEL,FUEL,FUEL,FUEL,FUEL,FUEL,FUEL,FUEL,0,FUEL,0,1/1/2017,12/31/2054,FUEL,,,FUEL,0,0,,FUEL,FUEL,,FUEL,,hr_ElecLoadShapes|OR_SH|2009,,,,,,,,,,,,,,,,,,,,,,,,,,,,,,,,,,,,,,,,,TRUE,FUEL,1,,,,,,,,,,,,,OP,,2018,,,,,,,,,,,,,,,,,,,,,,,,,,,,,,,,,,TRUE
17,WECC_PNW_Bonneville_WA,SH,FALSE,SH17,WECC_PNW_Bonneville_WA_SH,na,0,yr_WECC_PNW_Bonneville_WA_capacity_SH17,yr_WECC_PNW_Bonneville_WA_capacity_SH17,E3_NR,610.0,FUEL,FUEL,FUEL,FUEL,FUEL,FUEL,FUEL,FUEL,FUEL,0,FUEL,0,1/1/2017,12/31/2054,FUEL,,,FUEL,0,0,,FUEL,FUEL,,FUEL,,hr_ElecLoadShapes|WA_SH|2009,,,,,,,,,,,,,,,,,,,,,,,,,,,,,,,,,,,,,,,,,TRUE,FUEL,1,,,,,,,,,,,,,OP,,2018,,,,,,,,,,,,,,,,,,,,,,,,,,,,,,,,,,TRUE
18,WECC_PNW_ChelanCountyPUD,SH,FALSE,SH18,WECC_PNW_ChelanCountyPUD_SH,na,0,yr_WECC_PNW_ChelanCountyPUD_capacity_SH18,yr_WECC_PNW_ChelanCountyPUD_capacity_SH18,E3_NR,605.0,FUEL,FUEL,FUEL,FUEL,FUEL,FUEL,FUEL,FUEL,FUEL,0,FUEL,0,1/1/2017,12/31/2054,FUEL,,,FUEL,0,0,,FUEL,FUEL,,FUEL,,hr_ElecLoadShapes|WA_SH|2009,,,,,,,,,,,,,,,,,,,,,,,,,,,,,,,,,,,,,,,,,TRUE,FUEL,1,,,,,,,,,,,,,OP,,2018,,,,,,,,,,,,,,,,,,,,,,,,,,,,,,,,,,TRUE
19,WECC_PNW_DouglasCountyPUD,SH,FALSE,SH19,WECC_PNW_DouglasCountyPUD_SH,na,0,yr_WECC_PNW_DouglasCountyPUD_capacity_SH19,yr_WECC_PNW_DouglasCountyPUD_capacity_SH19,E3_NR,606.0,FUEL,FUEL,FUEL,FUEL,FUEL,FUEL,FUEL,FUEL,FUEL,0,FUEL,0,1/1/2017,12/31/2054,FUEL,,,FUEL,0,0,,FUEL,FUEL,,FUEL,,hr_ElecLoadShapes|CO_SH|2009,,,,,,,,,,,,,,,,,,,,,,,,,,,,,,,,,,,,,,,,,TRUE,FUEL,1,,,,,,,,,,,,,OP,,2018,,,,,,,,,,,,,,,,,,,,,,,,,,,,,,,,,,TRUE
20,WECC_PNW_GrantCountyPUD,SH,FALSE,SH20,WECC_PNW_GrantCountyPUD_SH,na,0,yr_WECC_PNW_GrantCountyPUD_capacity_SH20,yr_WECC_PNW_GrantCountyPUD_capacity_SH20,E3_NR,604.0,FUEL,FUEL,FUEL,FUEL,FUEL,FUEL,FUEL,FUEL,FUEL,0,FUEL,0,1/1/2017,12/31/2054,FUEL,,,FUEL,0,0,,FUEL,FUEL,,FUEL,,hr_ElecLoadShapes|WA_SH|2009,,,,,,,,,,,,,,,,,,,,,,,,,,,,,,,,,,,,,,,,,TRUE,FUEL,1,,,,,,,,,,,,,OP,,2018,,,,,,,,,,,,,,,,,,,,,,,,,,,,,,,,,,TRUE
21,WECC_PNW_IdahoPowerFE,SH,FALSE,SH21,WECC_PNW_IdahoPowerFE_SH,na,0,yr_WECC_PNW_IdahoPowerFE_capacity_SH21,yr_WECC_PNW_IdahoPowerFE_capacity_SH21,E3_NR,614.0,FUEL,FUEL,FUEL,FUEL,FUEL,FUEL,FUEL,FUEL,FUEL,0,FUEL,0,1/1/2017,12/31/2054,FUEL,,,FUEL,0,0,,FUEL,FUEL,,FUEL,,hr_ElecLoadShapes|ID_SH|2009,,,,,,,,,,,,,,,,,,,,,,,,,,,,,,,,,,,,,,,,,TRUE,FUEL,1,,,,,,,,,,,,,OP,,2018,,,,,,,,,,,,,,,,,,,,,,,,,,,,,,,,,,TRUE
22,WECC_PNW_IdahoPowerMV,SH,FALSE,SH22,WECC_PNW_IdahoPowerMV_SH,na,0,yr_WECC_PNW_IdahoPowerMV_capacity_SH22,yr_WECC_PNW_IdahoPowerMV_capacity_SH22,E3_NR,613.0,FUEL,FUEL,FUEL,FUEL,FUEL,FUEL,FUEL,FUEL,FUEL,0,FUEL,0,1/1/2017,12/31/2054,FUEL,,,FUEL,0,0,,FUEL,FUEL,,FUEL,,hr_ElecLoadShapes|ID_SH|2009,,,,,,,,,,,,,,,,,,,,,,,,,,,,,,,,,,,,,,,,,TRUE,FUEL,1,,,,,,,,,,,,,OP,,2018,,,,,,,,,,,,,,,,,,,,,,,,,,,,,,,,,,TRUE
23,WECC_PNW_IdahoPowerTV,SH,FALSE,SH23,WECC_PNW_IdahoPowerTV_SH,na,0,yr_WECC_PNW_IdahoPowerTV_capacity_SH23,yr_WECC_PNW_IdahoPowerTV_capacity_SH23,E3_NR,612.0,FUEL,FUEL,FUEL,FUEL,FUEL,FUEL,FUEL,FUEL,FUEL,0,FUEL,0,1/1/2017,12/31/2054,FUEL,,,FUEL,0,0,,FUEL,FUEL,,FUEL,,hr_ElecLoadShapes|ID_SH|2009,,,,,,,,,,,,,,,,,,,,,,,,,,,,,,,,,,,,,,,,,TRUE,FUEL,1,,,,,,,,,,,,,OP,,2018,,,,,,,,,,,,,,,,,,,,,,,,,,,,,,,,,,TRUE
24,WECC_PNW_Olympia,SH,FALSE,SH24,WECC_PNW_Olympia_SH,na,0,yr_WECC_PNW_Olympia_capacity_SH24,yr_WECC_PNW_Olympia_capacity_SH24,E3_NR,93.0,FUEL,FUEL,FUEL,FUEL,FUEL,FUEL,FUEL,FUEL,FUEL,0,FUEL,0,1/1/2017,12/31/2054,FUEL,,,FUEL,0,0,,FUEL,FUEL,,FUEL,,hr_ElecLoadShapes|WA_SH|2009,,,,,,,,,,,,,,,,,,,,,,,,,,,,,,,,,,,,,,,,,TRUE,FUEL,1,,,,,,,,,,,,,OP,,2018,,,,,,,,,,,,,,,,,,,,,,,,,,,,,,,,,,TRUE
25,WECC_PNW_PacificorpEastID,SH,FALSE,SH25,WECC_PNW_PacificorpEastID_SH,na,0,yr_WECC_PNW_PacificorpEastID_capacity_SH25,yr_WECC_PNW_PacificorpEastID_capacity_SH25,E3_NR,615.0,FUEL,FUEL,FUEL,FUEL,FUEL,FUEL,FUEL,FUEL,FUEL,0,FUEL,0,1/1/2017,12/31/2054,FUEL,,,FUEL,0,0,,FUEL,FUEL,,FUEL,,hr_ElecLoadShapes|ID_SH|2009,,,,,,,,,,,,,,,,,,,,,,,,,,,,,,,,,,,,,,,,,TRUE,FUEL,1,,,,,,,,,,,,,OP,,2018,,,,,,,,,,,,,,,,,,,,,,,,,,,,,,,,,,TRUE
26,WECC_PNW_PacificorpEastUT,SH,FALSE,SH26,WECC_PNW_PacificorpEastUT_SH,na,0,yr_WECC_PNW_PacificorpEastUT_capacity_SH26,yr_WECC_PNW_PacificorpEastUT_capacity_SH26,E3_NR,54.0,FUEL,FUEL,FUEL,FUEL,FUEL,FUEL,FUEL,FUEL,FUEL,0,FUEL,0,1/1/2017,12/31/2054,FUEL,,,FUEL,0,0,,FUEL,FUEL,,FUEL,,hr_ElecLoadShapes|UT_SH|2009,,,,,,,,,,,,,,,,,,,,,,,,,,,,,,,,,,,,,,,,,TRUE,FUEL,1,,,,,,,,,,,,,OP,,2018,,,,,,,,,,,,,,,,,,,,,,,,,,,,,,,,,,TRUE
27,WECC_PNW_PacificorpEastWY,SH,FALSE,SH27,WECC_PNW_PacificorpEastWY_SH,na,0,yr_WECC_PNW_PacificorpEastWY_capacity_SH27,yr_WECC_PNW_PacificorpEastWY_capacity_SH27,E3_NR,616.0,FUEL,FUEL,FUEL,FUEL,FUEL,FUEL,FUEL,FUEL,FUEL,0,FUEL,0,1/1/2017,12/31/2054,FUEL,,,FUEL,0,0,,FUEL,FUEL,,FUEL,,hr_ElecLoadShapes|WY_SH|2009,,,,,,,,,,,,,,,,,,,,,,,,,,,,,,,,,,,,,,,,,TRUE,FUEL,1,,,,,,,,,,,,,OP,,2018,,,,,,,,,,,,,,,,,,,,,,,,,,,,,,,,,,TRUE
28,WECC_PNW_PACWSouth,SH,FALSE,SH28,WECC_PNW_PACWSouth_SH,na,0,yr_WECC_PNW_PACWSouth_capacity_SH28,yr_WECC_PNW_PACWSouth_capacity_SH28,E3_NR,94.0,FUEL,FUEL,FUEL,FUEL,FUEL,FUEL,FUEL,FUEL,FUEL,0,FUEL,0,1/1/2017,12/31/2054,FUEL,,,FUEL,0,0,,FUEL,FUEL,,FUEL,,hr_ElecLoadShapes|OR_SH|2009,,,,,,,,,,,,,,,,,,,,,,,,,,,,,,,,,,,,,,,,,TRUE,FUEL,1,,,,,,,,,,,,,OP,,2018,,,,,,,,,,,,,,,,,,,,,,,,,,,,,,,,,,TRUE
29,WECC_PNW_PortlandGeneral,SH,FALSE,SH29,WECC_PNW_PortlandGeneral_SH,na,0,yr_WECC_PNW_PortlandGeneral_capacity_SH29,yr_WECC_PNW_PortlandGeneral_capacity_SH29,E3_NR,608.0,FUEL,FUEL,FUEL,FUEL,FUEL,FUEL,FUEL,FUEL,FUEL,0,FUEL,0,1/1/2017,12/31/2054,FUEL,,,FUEL,0,0,,FUEL,FUEL,,FUEL,,hr_ElecLoadShapes|OR_SH|2009,,,,,,,,,,,,,,,,,,,,,,,,,,,,,,,,,,,,,,,,,TRUE,FUEL,1,,,,,,,,,,,,,OP,,2018,,,,,,,,,,,,,,,,,,,,,,,,,,,,,,,,,,TRUE
30,WECC_PNW_PugetSoundCentral,SH,FALSE,SH30,WECC_PNW_PugetSoundCentral_SH,na,0,yr_WECC_PNW_PugetSoundCentral_capacity_SH30,yr_WECC_PNW_PugetSoundCentral_capacity_SH30,E3_NR,601.0,FUEL,FUEL,FUEL,FUEL,FUEL,FUEL,FUEL,FUEL,FUEL,0,FUEL,0,1/1/2017,12/31/2054,FUEL,,,FUEL,0,0,,FUEL,FUEL,,FUEL,,hr_ElecLoadShapes|WA_SH|2009,,,,,,,,,,,,,,,,,,,,,,,,,,,,,,,,,,,,,,,,,TRUE,FUEL,1,,,,,,,,,,,,,OP,,2018,,,,,,,,,,,,,,,,,,,,,,,,,,,,,,,,,,TRUE
31,WECC_PNW_PugetSoundNorth,SH,FALSE,SH31,WECC_PNW_PugetSoundNorth_SH,na,0,yr_WECC_PNW_PugetSoundNorth_capacity_SH31,yr_WECC_PNW_PugetSoundNorth_capacity_SH31,E3_NR,95.0,FUEL,FUEL,FUEL,FUEL,FUEL,FUEL,FUEL,FUEL,FUEL,0,FUEL,0,1/1/2017,12/31/2054,FUEL,,,FUEL,0,0,,FUEL,FUEL,,FUEL,,hr_ElecLoadShapes|WA_SH|2009,,,,,,,,,,,,,,,,,,,,,,,,,,,,,,,,,,,,,,,,,TRUE,FUEL,1,,,,,,,,,,,,,OP,,2018,,,,,,,,,,,,,,,,,,,,,,,,,,,,,,,,,,TRUE
32,WECC_PNW_SeattleCL,SH,FALSE,SH32,WECC_PNW_SeattleCL_SH,na,0,yr_WECC_PNW_SeattleCL_capacity_SH32,yr_WECC_PNW_SeattleCL_capacity_SH32,E3_NR,602.0,FUEL,FUEL,FUEL,FUEL,FUEL,FUEL,FUEL,FUEL,FUEL,0,FUEL,0,1/1/2017,12/31/2054,FUEL,,,FUEL,0,0,,FUEL,FUEL,,FUEL,,hr_ElecLoadShapes|WA_SH|2009,,,,,,,,,,,,,,,,,,,,,,,,,,,,,,,,,,,,,,,,,TRUE,FUEL,1,,,,,,,,,,,,,OP,,2018,,,,,,,,,,,,,,,,,,,,,,,,,,,,,,,,,,TRUE
33,WECC_PNW_TacomaPower,SH,FALSE,SH33,WECC_PNW_TacomaPower_SH,na,0,yr_WECC_PNW_TacomaPower_capacity_SH33,yr_WECC_PNW_TacomaPower_capacity_SH33,E3_NR,603.0,FUEL,FUEL,FUEL,FUEL,FUEL,FUEL,FUEL,FUEL,FUEL,0,FUEL,0,1/1/2017,12/31/2054,FUEL,,,FUEL,0,0,,FUEL,FUEL,,FUEL,,hr_ElecLoadShapes|WA_SH|2009,,,,,,,,,,,,,,,,,,,,,,,,,,,,,,,,,,,,,,,,,TRUE,FUEL,1,,,,,,,,,,,,,OP,,2018,,,,,,,,,,,,,,,,,,,,,,,,,,,,,,,,,,TRUE
34,WECC_PublicServiceCO,SH,FALSE,SH34,WECC_PublicServiceCO_SH,na,0,yr_WECC_PublicServiceCO_capacity_SH34,yr_WECC_PublicServiceCO_capacity_SH34,E3_NR,623.0,FUEL,FUEL,FUEL,FUEL,FUEL,FUEL,FUEL,FUEL,FUEL,0,FUEL,0,1/1/2017,12/31/2054,FUEL,,,FUEL,0,0,,FUEL,FUEL,,FUEL,,hr_ElecLoadShapes|CO_SH|2009,,,,,,,,,,,,,,,,,,,,,,,,,,,,,,,,,,,,,,,,,TRUE,FUEL,1,,,,,,,,,,,,,OP,,2018,,,,,,,,,,,,,,,,,,,,,,,,,,,,,,,,,,TRUE
35,WECC_PublicServiceNM,SH,FALSE,SH35,WECC_PublicServiceNM_SH,na,0,yr_WECC_PublicServiceNM_capacity_SH35,yr_WECC_PublicServiceNM_capacity_SH35,E3_NR,627.0,FUEL,FUEL,FUEL,FUEL,FUEL,FUEL,FUEL,FUEL,FUEL,0,FUEL,0,1/1/2017,12/31/2054,FUEL,,,FUEL,0,0,,FUEL,FUEL,,FUEL,,hr_ElecLoadShapes|NM_SH|2009,,,,,,,,,,,,,,,,,,,,,,,,,,,,,,,,,,,,,,,,,TRUE,FUEL,1,,,,,,,,,,,,,OP,,2018,,,,,,,,,,,,,,,,,,,,,,,,,,,,,,,,,,TRUE
36,WECC_SaltRiverProject,SH,FALSE,SH36,WECC_SaltRiverProject_SH,na,0,yr_WECC_SaltRiverProject_capacity_SH36,yr_WECC_SaltRiverProject_capacity_SH36,E3_NR,625.0,FUEL,FUEL,FUEL,FUEL,FUEL,FUEL,FUEL,FUEL,FUEL,0,FUEL,0,1/1/2017,12/31/2054,FUEL,,,FUEL,0,0,,FUEL,FUEL,,FUEL,,hr_ElecLoadShapes|AZ_SH|2009,,,,,,,,,,,,,,,,,,,,,,,,,,,,,,,,,,,,,,,,,TRUE,FUEL,1,,,,,,,,,,,,,OP,,2018,,,,,,,,,,,,,,,,,,,,,,,,,,,,,,,,,,TRUE
37,WECC_TucsonElectric,SH,FALSE,SH37,WECC_TucsonElectric_SH,na,0,yr_WECC_TucsonElectric_capacity_SH37,yr_WECC_TucsonElectric_capacity_SH37,E3_NR,626.0,FUEL,FUEL,FUEL,FUEL,FUEL,FUEL,FUEL,FUEL,FUEL,0,FUEL,0,1/1/2017,12/31/2054,FUEL,,,FUEL,0,0,,FUEL,FUEL,,FUEL,,hr_ElecLoadShapes|AZ_SH|2009,,,,,,,,,,,,,,,,,,,,,,,,,,,,,,,,,,,,,,,,,TRUE,FUEL,1,,,,,,,,,,,,,OP,,2018,,,,,,,,,,,,,,,,,,,,,,,,,,,,,,,,,,TRUE
38,WECC_VEA,SH,FALSE,SH38,WECC_VEA_SH,na,0,yr_WECC_VEA_capacity_SH38,yr_WECC_VEA_capacity_SH38,E3_NR,622.0,FUEL,FUEL,FUEL,FUEL,FUEL,FUEL,FUEL,FUEL,FUEL,0,FUEL,0,1/1/2017,12/31/2054,FUEL,,,FUEL,0,0,,FUEL,FUEL,,FUEL,,hr_ElecLoadShapes|NV_SH|2009,,,,,,,,,,,,,,,,,,,,,,,,,,,,,,,,,,,,,,,,,TRUE,FUEL,1,,,,,,,,,,,,,OP,,2018,,,,,,,,,,,,,,,,,,,,,,,,,,,,,,,,,,TRUE
39,WECC_WAPA_CO,SH,FALSE,SH39,WECC_WAPA_CO_SH,na,0,yr_WECC_WAPA_CO_capacity_SH39,yr_WECC_WAPA_CO_capacity_SH39,E3_NR,618.0,FUEL,FUEL,FUEL,FUEL,FUEL,FUEL,FUEL,FUEL,FUEL,0,FUEL,0,1/1/2017,12/31/2054,FUEL,,,FUEL,0,0,,FUEL,FUEL,,FUEL,,hr_ElecLoadShapes|CO_SH|2009,,,,,,,,,,,,,,,,,,,,,,,,,,,,,,,,,,,,,,,,,TRUE,FUEL,1,,,,,,,,,,,,,OP,,2018,,,,,,,,,,,,,,,,,,,,,,,,,,,,,,,,,,TRUE
40,WECC_WAPA_LwrCO,SH,FALSE,SH40,WECC_WAPA_LwrCO_SH,na,0,yr_WECC_WAPA_LwrCO_capacity_SH40,yr_WECC_WAPA_LwrCO_capacity_SH40,E3_NR,620.0,FUEL,FUEL,FUEL,FUEL,FUEL,FUEL,FUEL,FUEL,FUEL,0,FUEL,0,1/1/2017,12/31/2054,FUEL,,,FUEL,0,0,,FUEL,FUEL,,FUEL,,hr_ElecLoadShapes|CO_SH|2009,,,,,,,,,,,,,,,,,,,,,,,,,,,,,,,,,,,,,,,,,TRUE,FUEL,1,,,,,,,,,,,,,OP,,2018,,,,,,,,,,,,,,,,,,,,,,,,,,,,,,,,,,TRUE
41,WECC_WAPA_UprMO,SH,FALSE,SH41,WECC_WAPA_UprMO_SH,na,0,yr_WECC_WAPA_UprMO_capacity_SH41,yr_WECC_WAPA_UprMO_capacity_SH41,E3_NR,621.0,FUEL,FUEL,FUEL,FUEL,FUEL,FUEL,FUEL,FUEL,FUEL,0,FUEL,0,1/1/2017,12/31/2054,FUEL,,,FUEL,0,0,,FUEL,FUEL,,FUEL,,hr_ElecLoadShapes|CO_SH|2009,,,,,,,,,,,,,,,,,,,,,,,,,,,,,,,,,,,,,,,,,TRUE,FUEL,1,,,,,,,,,,,,,OP,,2018,,,,,,,,,,,,,,,,,,,,,,,,,,,,,,,,,,TRUE
42,WECC_WAPA_WY,SH,FALSE,SH42,WECC_WAPA_WY_SH,na,0,yr_WECC_WAPA_WY_capacity_SH42,yr_WECC_WAPA_WY_capacity_SH42,E3_NR,619.0,FUEL,FUEL,FUEL,FUEL,FUEL,FUEL,FUEL,FUEL,FUEL,0,FUEL,0,1/1/2017,12/31/2054,FUEL,,,FUEL,0,0,,FUEL,FUEL,,FUEL,,hr_ElecLoadShapes|WY_SH|2009,,,,,,,,,,,,,,,,,,,,,,,,,,,,,,,,,,,,,,,,,TRUE,FUEL,1,,,,,,,,,,,,,OP,,2018,,,,,,,,,,,,,,,,,,,,,,,,,,,,,,,,,,TRUE
43,WECC_AZPublicService,WH,FALSE,WH0,WECC_AZPublicService_WH,na,0,yr_WECC_AZPublicService_capacity_WH0,yr_WECC_AZPublicService_capacity_WH0,E3_NR,624.0,FUEL,FUEL,FUEL,FUEL,FUEL,FUEL,FUEL,FUEL,FUEL,0,FUEL,0,1/1/2017,12/31/2054,FUEL,,,FUEL,0,0,,FUEL,FUEL,,FUEL,,hr_ElecLoadShapes|WECC_WH|2009,,,,,,,,,,,,,,,,,,,,,,,,,,,,,,,,,,,,,,,,,TRUE,FUEL,1,,,,,,,,,,,,,OP,,2018,,,,,,,,,,,,,,,,,,,,,,,,,,,,,,,,,,TRUE
44,WECC_CA_BANC,WH,FALSE,WH1,WECC_CA_BANC_WH,na,0,yr_WECC_CA_BANC_capacity_WH1,yr_WECC_CA_BANC_capacity_WH1,E3_NR,83.0,FUEL,FUEL,FUEL,FUEL,FUEL,FUEL,FUEL,FUEL,FUEL,0,FUEL,0,1/1/2017,12/31/2054,FUEL,,,FUEL,0,0,,FUEL,FUEL,,FUEL,,hr_ElecLoadShapes|WECC_WH|2009,,,,,,,,,,,,,,,,,,,,,,,,,,,,,,,,,,,,,,,,,TRUE,FUEL,1,,,,,,,,,,,,,OP,,2018,,,,,,,,,,,,,,,,,,,,,,,,,,,,,,,,,,TRUE
45,WECC_CA_IID,WH,FALSE,WH2,WECC_CA_IID_WH,na,0,yr_WECC_CA_IID_capacity_WH2,yr_WECC_CA_IID_capacity_WH2,E3_NR,78.0,FUEL,FUEL,FUEL,FUEL,FUEL,FUEL,FUEL,FUEL,FUEL,0,FUEL,0,1/1/2017,12/31/2054,FUEL,,,FUEL,0,0,,FUEL,FUEL,,FUEL,,hr_ElecLoadShapes|WECC_WH|2009,,,,,,,,,,,,,,,,,,,,,,,,,,,,,,,,,,,,,,,,,TRUE,FUEL,1,,,,,,,,,,,,,OP,,2018,,,,,,,,,,,,,,,,,,,,,,,,,,,,,,,,,,TRUE
46,WECC_CA_LDWP,WH,FALSE,WH3,WECC_CA_LDWP_WH,na,0,yr_WECC_CA_LDWP_capacity_WH3,yr_WECC_CA_LDWP_capacity_WH3,E3_NR,79.0,FUEL,FUEL,FUEL,FUEL,FUEL,FUEL,FUEL,FUEL,FUEL,0,FUEL,0,1/1/2017,12/31/2054,FUEL,,,FUEL,0,0,,FUEL,FUEL,,FUEL,,hr_ElecLoadShapes|WECC_WH|2009,,,,,,,,,,,,,,,,,,,,,,,,,,,,,,,,,,,,,,,,,TRUE,FUEL,1,,,,,,,,,,,,,OP,,2018,,,,,,,,,,,,,,,,,,,,,,,,,,,,,,,,,,TRUE
47,WECC_CA_PGandE_BayArea,WH,FALSE,WH4,WECC_CA_PGandE_BayArea_WH,na,0,yr_WECC_CA_PGandE_BayArea_capacity_WH4,yr_WECC_CA_PGandE_BayArea_capacity_WH4,E3_NR,80.0,FUEL,FUEL,FUEL,FUEL,FUEL,FUEL,FUEL,FUEL,FUEL,0,FUEL,0,1/1/2017,12/31/2054,FUEL,,,FUEL,0,0,,FUEL,FUEL,,FUEL,,hr_ElecLoadShapes|WECC_WH|2009,,,,,,,,,,,,,,,,,,,,,,,,,,,,,,,,,,,,,,,,,TRUE,FUEL,1,,,,,,,,,,,,,OP,,2018,,,,,,,,,,,,,,,,,,,,,,,,,,,,,,,,,,TRUE
48,WECC_CA_PGandE_North,WH,FALSE,WH5,WECC_CA_PGandE_North_WH,na,0,yr_WECC_CA_PGandE_North_capacity_WH5,yr_WECC_CA_PGandE_North_capacity_WH5,E3_NR,45.0,FUEL,FUEL,FUEL,FUEL,FUEL,FUEL,FUEL,FUEL,FUEL,0,FUEL,0,1/1/2017,12/31/2054,FUEL,,,FUEL,0,0,,FUEL,FUEL,,FUEL,,hr_ElecLoadShapes|WECC_WH|2009,,,,,,,,,,,,,,,,,,,,,,,,,,,,,,,,,,,,,,,,,TRUE,FUEL,1,,,,,,,,,,,,,OP,,2018,,,,,,,,,,,,,,,,,,,,,,,,,,,,,,,,,,TRUE
49,WECC_CA_PGandE_ZP26,WH,FALSE,WH6,WECC_CA_PGandE_ZP26_WH,na,0,yr_WECC_CA_PGandE_ZP26_capacity_WH6,yr_WECC_CA_PGandE_ZP26_capacity_WH6,E3_NR,81.0,FUEL,FUEL,FUEL,FUEL,FUEL,FUEL,FUEL,FUEL,FUEL,0,FUEL,0,1/1/2017,12/31/2054,FUEL,,,FUEL,0,0,,FUEL,FUEL,,FUEL,,hr_ElecLoadShapes|WECC_WH|2009,,,,,,,,,,,,,,,,,,,,,,,,,,,,,,,,,,,,,,,,,TRUE,FUEL,1,,,,,,,,,,,,,OP,,2018,,,,,,,,,,,,,,,,,,,,,,,,,,,,,,,,,,TRUE
50,WECC_CA_SCE,WH,FALSE,WH7,WECC_CA_SCE_WH,na,0,yr_WECC_CA_SCE_capacity_WH7,yr_WECC_CA_SCE_capacity_WH7,E3_NR,46.0,FUEL,FUEL,FUEL,FUEL,FUEL,FUEL,FUEL,FUEL,FUEL,0,FUEL,0,1/1/2017,12/31/2054,FUEL,,,FUEL,0,0,,FUEL,FUEL,,FUEL,,hr_ElecLoadShapes|WECC_WH|2009,,,,,,,,,,,,,,,,,,,,,,,,,,,,,,,,,,,,,,,,,TRUE,FUEL,1,,,,,,,,,,,,,OP,,2018,,,,,,,,,,,,,,,,,,,,,,,,,,,,,,,,,,TRUE
51,WECC_CA_SDGE,WH,FALSE,WH8,WECC_CA_SDGE_WH,na,0,yr_WECC_CA_SDGE_capacity_WH8,yr_WECC_CA_SDGE_capacity_WH8,E3_NR,82.0,FUEL,FUEL,FUEL,FUEL,FUEL,FUEL,FUEL,FUEL,FUEL,0,FUEL,0,1/1/2017,12/31/2054,FUEL,,,FUEL,0,0,,FUEL,FUEL,,FUEL,,hr_ElecLoadShapes|WECC_WH|2009,,,,,,,,,,,,,,,,,,,,,,,,,,,,,,,,,,,,,,,,,TRUE,FUEL,1,,,,,,,,,,,,,OP,,2018,,,,,,,,,,,,,,,,,,,,,,,,,,,,,,,,,,TRUE
52,WECC_CA_TIDC,WH,FALSE,WH9,WECC_CA_TIDC_WH,na,0,yr_WECC_CA_TIDC_capacity_WH9,yr_WECC_CA_TIDC_capacity_WH9,E3_NR,600.0,FUEL,FUEL,FUEL,FUEL,FUEL,FUEL,FUEL,FUEL,FUEL,0,FUEL,0,1/1/2017,12/31/2054,FUEL,,,FUEL,0,0,,FUEL,FUEL,,FUEL,,hr_ElecLoadShapes|WECC_WH|2009,,,,,,,,,,,,,,,,,,,,,,,,,,,,,,,,,,,,,,,,,TRUE,FUEL,1,,,,,,,,,,,,,OP,,2018,,,,,,,,,,,,,,,,,,,,,,,,,,,,,,,,,,TRUE
53,WECC_ElPasoElectric,WH,FALSE,WH10,WECC_ElPasoElectric_WH,na,0,yr_WECC_ElPasoElectric_capacity_WH10,yr_WECC_ElPasoElectric_capacity_WH10,E3_NR,628.0,FUEL,FUEL,FUEL,FUEL,FUEL,FUEL,FUEL,FUEL,FUEL,0,FUEL,0,1/1/2017,12/31/2054,FUEL,,,FUEL,0,0,,FUEL,FUEL,,FUEL,,hr_ElecLoadShapes|WECC_WH|2009,,,,,,,,,,,,,,,,,,,,,,,,,,,,,,,,,,,,,,,,,TRUE,FUEL,1,,,,,,,,,,,,,OP,,2018,,,,,,,,,,,,,,,,,,,,,,,,,,,,,,,,,,TRUE
54,WECC_NevadaNorth,WH,FALSE,WH11,WECC_NevadaNorth_WH,na,0,yr_WECC_NevadaNorth_capacity_WH11,yr_WECC_NevadaNorth_capacity_WH11,E3_NR,55.0,FUEL,FUEL,FUEL,FUEL,FUEL,FUEL,FUEL,FUEL,FUEL,0,FUEL,0,1/1/2017,12/31/2054,FUEL,,,FUEL,0,0,,FUEL,FUEL,,FUEL,,hr_ElecLoadShapes|WECC_WH|2009,,,,,,,,,,,,,,,,,,,,,,,,,,,,,,,,,,,,,,,,,TRUE,FUEL,1,,,,,,,,,,,,,OP,,2018,,,,,,,,,,,,,,,,,,,,,,,,,,,,,,,,,,TRUE
55,WECC_NevadaSouth,WH,FALSE,WH12,WECC_NevadaSouth_WH,na,0,yr_WECC_NevadaSouth_capacity_WH12,yr_WECC_NevadaSouth_capacity_WH12,E3_NR,60.0,FUEL,FUEL,FUEL,FUEL,FUEL,FUEL,FUEL,FUEL,FUEL,0,FUEL,0,1/1/2017,12/31/2054,FUEL,,,FUEL,0,0,,FUEL,FUEL,,FUEL,,hr_ElecLoadShapes|WECC_WH|2009,,,,,,,,,,,,,,,,,,,,,,,,,,,,,,,,,,,,,,,,,TRUE,FUEL,1,,,,,,,,,,,,,OP,,2018,,,,,,,,,,,,,,,,,,,,,,,,,,,,,,,,,,TRUE
56,WECC_NorthwesternMT,WH,FALSE,WH13,WECC_NorthwesternMT_WH,na,0,yr_WECC_NorthwesternMT_capacity_WH13,yr_WECC_NorthwesternMT_capacity_WH13,E3_NR,617.0,FUEL,FUEL,FUEL,FUEL,FUEL,FUEL,FUEL,FUEL,FUEL,0,FUEL,0,1/1/2017,12/31/2054,FUEL,,,FUEL,0,0,,FUEL,FUEL,,FUEL,,hr_ElecLoadShapes|WECC_WH|2009,,,,,,,,,,,,,,,,,,,,,,,,,,,,,,,,,,,,,,,,,TRUE,FUEL,1,,,,,,,,,,,,,OP,,2018,,,,,,,,,,,,,,,,,,,,,,,,,,,,,,,,,,TRUE
57,WECC_PNW_Avista,WH,FALSE,WH14,WECC_PNW_Avista_WH,na,0,yr_WECC_PNW_Avista_capacity_WH14,yr_WECC_PNW_Avista_capacity_WH14,E3_NR,607.0,FUEL,FUEL,FUEL,FUEL,FUEL,FUEL,FUEL,FUEL,FUEL,0,FUEL,0,1/1/2017,12/31/2054,FUEL,,,FUEL,0,0,,FUEL,FUEL,,FUEL,,hr_ElecLoadShapes|WECC_WH|2009,,,,,,,,,,,,,,,,,,,,,,,,,,,,,,,,,,,,,,,,,TRUE,FUEL,1,,,,,,,,,,,,,OP,,2018,,,,,,,,,,,,,,,,,,,,,,,,,,,,,,,,,,TRUE
58,WECC_PNW_Bonneville_IDMT,WH,FALSE,WH15,WECC_PNW_Bonneville_IDMT_WH,na,0,yr_WECC_PNW_Bonneville_IDMT_capacity_WH15,yr_WECC_PNW_Bonneville_IDMT_capacity_WH15,E3_NR,611.0,FUEL,FUEL,FUEL,FUEL,FUEL,FUEL,FUEL,FUEL,FUEL,0,FUEL,0,1/1/2017,12/31/2054,FUEL,,,FUEL,0,0,,FUEL,FUEL,,FUEL,,hr_ElecLoadShapes|WECC_WH|2009,,,,,,,,,,,,,,,,,,,,,,,,,,,,,,,,,,,,,,,,,TRUE,FUEL,1,,,,,,,,,,,,,OP,,2018,,,,,,,,,,,,,,,,,,,,,,,,,,,,,,,,,,TRUE
59,WECC_PNW_Bonneville_OR,WH,FALSE,WH16,WECC_PNW_Bonneville_OR_WH,na,0,yr_WECC_PNW_Bonneville_OR_capacity_WH16,yr_WECC_PNW_Bonneville_OR_capacity_WH16,E3_NR,609.0,FUEL,FUEL,FUEL,FUEL,FUEL,FUEL,FUEL,FUEL,FUEL,0,FUEL,0,1/1/2017,12/31/2054,FUEL,,,FUEL,0,0,,FUEL,FUEL,,FUEL,,hr_ElecLoadShapes|WECC_WH|2009,,,,,,,,,,,,,,,,,,,,,,,,,,,,,,,,,,,,,,,,,TRUE,FUEL,1,,,,,,,,,,,,,OP,,2018,,,,,,,,,,,,,,,,,,,,,,,,,,,,,,,,,,TRUE
60,WECC_PNW_Bonneville_WA,WH,FALSE,WH17,WECC_PNW_Bonneville_WA_WH,na,0,yr_WECC_PNW_Bonneville_WA_capacity_WH17,yr_WECC_PNW_Bonneville_WA_capacity_WH17,E3_NR,610.0,FUEL,FUEL,FUEL,FUEL,FUEL,FUEL,FUEL,FUEL,FUEL,0,FUEL,0,1/1/2017,12/31/2054,FUEL,,,FUEL,0,0,,FUEL,FUEL,,FUEL,,hr_ElecLoadShapes|WECC_WH|2009,,,,,,,,,,,,,,,,,,,,,,,,,,,,,,,,,,,,,,,,,TRUE,FUEL,1,,,,,,,,,,,,,OP,,2018,,,,,,,,,,,,,,,,,,,,,,,,,,,,,,,,,,TRUE
61,WECC_PNW_ChelanCountyPUD,WH,FALSE,WH18,WECC_PNW_ChelanCountyPUD_WH,na,0,yr_WECC_PNW_ChelanCountyPUD_capacity_WH18,yr_WECC_PNW_ChelanCountyPUD_capacity_WH18,E3_NR,605.0,FUEL,FUEL,FUEL,FUEL,FUEL,FUEL,FUEL,FUEL,FUEL,0,FUEL,0,1/1/2017,12/31/2054,FUEL,,,FUEL,0,0,,FUEL,FUEL,,FUEL,,hr_ElecLoadShapes|WECC_WH|2009,,,,,,,,,,,,,,,,,,,,,,,,,,,,,,,,,,,,,,,,,TRUE,FUEL,1,,,,,,,,,,,,,OP,,2018,,,,,,,,,,,,,,,,,,,,,,,,,,,,,,,,,,TRUE
62,WECC_PNW_DouglasCountyPUD,WH,FALSE,WH19,WECC_PNW_DouglasCountyPUD_WH,na,0,yr_WECC_PNW_DouglasCountyPUD_capacity_WH19,yr_WECC_PNW_DouglasCountyPUD_capacity_WH19,E3_NR,606.0,FUEL,FUEL,FUEL,FUEL,FUEL,FUEL,FUEL,FUEL,FUEL,0,FUEL,0,1/1/2017,12/31/2054,FUEL,,,FUEL,0,0,,FUEL,FUEL,,FUEL,,hr_ElecLoadShapes|WECC_WH|2009,,,,,,,,,,,,,,,,,,,,,,,,,,,,,,,,,,,,,,,,,TRUE,FUEL,1,,,,,,,,,,,,,OP,,2018,,,,,,,,,,,,,,,,,,,,,,,,,,,,,,,,,,TRUE
63,WECC_PNW_GrantCountyPUD,WH,FALSE,WH20,WECC_PNW_GrantCountyPUD_WH,na,0,yr_WECC_PNW_GrantCountyPUD_capacity_WH20,yr_WECC_PNW_GrantCountyPUD_capacity_WH20,E3_NR,604.0,FUEL,FUEL,FUEL,FUEL,FUEL,FUEL,FUEL,FUEL,FUEL,0,FUEL,0,1/1/2017,12/31/2054,FUEL,,,FUEL,0,0,,FUEL,FUEL,,FUEL,,hr_ElecLoadShapes|WECC_WH|2009,,,,,,,,,,,,,,,,,,,,,,,,,,,,,,,,,,,,,,,,,TRUE,FUEL,1,,,,,,,,,,,,,OP,,2018,,,,,,,,,,,,,,,,,,,,,,,,,,,,,,,,,,TRUE
64,WECC_PNW_IdahoPowerFE,WH,FALSE,WH21,WECC_PNW_IdahoPowerFE_WH,na,0,yr_WECC_PNW_IdahoPowerFE_capacity_WH21,yr_WECC_PNW_IdahoPowerFE_capacity_WH21,E3_NR,614.0,FUEL,FUEL,FUEL,FUEL,FUEL,FUEL,FUEL,FUEL,FUEL,0,FUEL,0,1/1/2017,12/31/2054,FUEL,,,FUEL,0,0,,FUEL,FUEL,,FUEL,,hr_ElecLoadShapes|WECC_WH|2009,,,,,,,,,,,,,,,,,,,,,,,,,,,,,,,,,,,,,,,,,TRUE,FUEL,1,,,,,,,,,,,,,OP,,2018,,,,,,,,,,,,,,,,,,,,,,,,,,,,,,,,,,TRUE
65,WECC_PNW_IdahoPowerMV,WH,FALSE,WH22,WECC_PNW_IdahoPowerMV_WH,na,0,yr_WECC_PNW_IdahoPowerMV_capacity_WH22,yr_WECC_PNW_IdahoPowerMV_capacity_WH22,E3_NR,613.0,FUEL,FUEL,FUEL,FUEL,FUEL,FUEL,FUEL,FUEL,FUEL,0,FUEL,0,1/1/2017,12/31/2054,FUEL,,,FUEL,0,0,,FUEL,FUEL,,FUEL,,hr_ElecLoadShapes|WECC_WH|2009,,,,,,,,,,,,,,,,,,,,,,,,,,,,,,,,,,,,,,,,,TRUE,FUEL,1,,,,,,,,,,,,,OP,,2018,,,,,,,,,,,,,,,,,,,,,,,,,,,,,,,,,,TRUE
66,WECC_PNW_IdahoPowerTV,WH,FALSE,WH23,WECC_PNW_IdahoPowerTV_WH,na,0,yr_WECC_PNW_IdahoPowerTV_capacity_WH23,yr_WECC_PNW_IdahoPowerTV_capacity_WH23,E3_NR,612.0,FUEL,FUEL,FUEL,FUEL,FUEL,FUEL,FUEL,FUEL,FUEL,0,FUEL,0,1/1/2017,12/31/2054,FUEL,,,FUEL,0,0,,FUEL,FUEL,,FUEL,,hr_ElecLoadShapes|WECC_WH|2009,,,,,,,,,,,,,,,,,,,,,,,,,,,,,,,,,,,,,,,,,TRUE,FUEL,1,,,,,,,,,,,,,OP,,2018,,,,,,,,,,,,,,,,,,,,,,,,,,,,,,,,,,TRUE
67,WECC_PNW_Olympia,WH,FALSE,WH24,WECC_PNW_Olympia_WH,na,0,yr_WECC_PNW_Olympia_capacity_WH24,yr_WECC_PNW_Olympia_capacity_WH24,E3_NR,93.0,FUEL,FUEL,FUEL,FUEL,FUEL,FUEL,FUEL,FUEL,FUEL,0,FUEL,0,1/1/2017,12/31/2054,FUEL,,,FUEL,0,0,,FUEL,FUEL,,FUEL,,hr_ElecLoadShapes|WECC_WH|2009,,,,,,,,,,,,,,,,,,,,,,,,,,,,,,,,,,,,,,,,,TRUE,FUEL,1,,,,,,,,,,,,,OP,,2018,,,,,,,,,,,,,,,,,,,,,,,,,,,,,,,,,,TRUE
68,WECC_PNW_PacificorpEastID,WH,FALSE,WH25,WECC_PNW_PacificorpEastID_WH,na,0,yr_WECC_PNW_PacificorpEastID_capacity_WH25,yr_WECC_PNW_PacificorpEastID_capacity_WH25,E3_NR,615.0,FUEL,FUEL,FUEL,FUEL,FUEL,FUEL,FUEL,FUEL,FUEL,0,FUEL,0,1/1/2017,12/31/2054,FUEL,,,FUEL,0,0,,FUEL,FUEL,,FUEL,,hr_ElecLoadShapes|WECC_WH|2009,,,,,,,,,,,,,,,,,,,,,,,,,,,,,,,,,,,,,,,,,TRUE,FUEL,1,,,,,,,,,,,,,OP,,2018,,,,,,,,,,,,,,,,,,,,,,,,,,,,,,,,,,TRUE
69,WECC_PNW_PacificorpEastUT,WH,FALSE,WH26,WECC_PNW_PacificorpEastUT_WH,na,0,yr_WECC_PNW_PacificorpEastUT_capacity_WH26,yr_WECC_PNW_PacificorpEastUT_capacity_WH26,E3_NR,54.0,FUEL,FUEL,FUEL,FUEL,FUEL,FUEL,FUEL,FUEL,FUEL,0,FUEL,0,1/1/2017,12/31/2054,FUEL,,,FUEL,0,0,,FUEL,FUEL,,FUEL,,hr_ElecLoadShapes|WECC_WH|2009,,,,,,,,,,,,,,,,,,,,,,,,,,,,,,,,,,,,,,,,,TRUE,FUEL,1,,,,,,,,,,,,,OP,,2018,,,,,,,,,,,,,,,,,,,,,,,,,,,,,,,,,,TRUE
70,WECC_PNW_PacificorpEastWY,WH,FALSE,WH27,WECC_PNW_PacificorpEastWY_WH,na,0,yr_WECC_PNW_PacificorpEastWY_capacity_WH27,yr_WECC_PNW_PacificorpEastWY_capacity_WH27,E3_NR,616.0,FUEL,FUEL,FUEL,FUEL,FUEL,FUEL,FUEL,FUEL,FUEL,0,FUEL,0,1/1/2017,12/31/2054,FUEL,,,FUEL,0,0,,FUEL,FUEL,,FUEL,,hr_ElecLoadShapes|WECC_WH|2009,,,,,,,,,,,,,,,,,,,,,,,,,,,,,,,,,,,,,,,,,TRUE,FUEL,1,,,,,,,,,,,,,OP,,2018,,,,,,,,,,,,,,,,,,,,,,,,,,,,,,,,,,TRUE
71,WECC_PNW_PACWSouth,WH,FALSE,WH28,WECC_PNW_PACWSouth_WH,na,0,yr_WECC_PNW_PACWSouth_capacity_WH28,yr_WECC_PNW_PACWSouth_capacity_WH28,E3_NR,94.0,FUEL,FUEL,FUEL,FUEL,FUEL,FUEL,FUEL,FUEL,FUEL,0,FUEL,0,1/1/2017,12/31/2054,FUEL,,,FUEL,0,0,,FUEL,FUEL,,FUEL,,hr_ElecLoadShapes|WECC_WH|2009,,,,,,,,,,,,,,,,,,,,,,,,,,,,,,,,,,,,,,,,,TRUE,FUEL,1,,,,,,,,,,,,,OP,,2018,,,,,,,,,,,,,,,,,,,,,,,,,,,,,,,,,,TRUE
72,WECC_PNW_PortlandGeneral,WH,FALSE,WH29,WECC_PNW_PortlandGeneral_WH,na,0,yr_WECC_PNW_PortlandGeneral_capacity_WH29,yr_WECC_PNW_PortlandGeneral_capacity_WH29,E3_NR,608.0,FUEL,FUEL,FUEL,FUEL,FUEL,FUEL,FUEL,FUEL,FUEL,0,FUEL,0,1/1/2017,12/31/2054,FUEL,,,FUEL,0,0,,FUEL,FUEL,,FUEL,,hr_ElecLoadShapes|WECC_WH|2009,,,,,,,,,,,,,,,,,,,,,,,,,,,,,,,,,,,,,,,,,TRUE,FUEL,1,,,,,,,,,,,,,OP,,2018,,,,,,,,,,,,,,,,,,,,,,,,,,,,,,,,,,TRUE
73,WECC_PNW_PugetSoundCentral,WH,FALSE,WH30,WECC_PNW_PugetSoundCentral_WH,na,0,yr_WECC_PNW_PugetSoundCentral_capacity_WH30,yr_WECC_PNW_PugetSoundCentral_capacity_WH30,E3_NR,601.0,FUEL,FUEL,FUEL,FUEL,FUEL,FUEL,FUEL,FUEL,FUEL,0,FUEL,0,1/1/2017,12/31/2054,FUEL,,,FUEL,0,0,,FUEL,FUEL,,FUEL,,hr_ElecLoadShapes|WECC_WH|2009,,,,,,,,,,,,,,,,,,,,,,,,,,,,,,,,,,,,,,,,,TRUE,FUEL,1,,,,,,,,,,,,,OP,,2018,,,,,,,,,,,,,,,,,,,,,,,,,,,,,,,,,,TRUE
74,WECC_PNW_PugetSoundNorth,WH,FALSE,WH31,WECC_PNW_PugetSoundNorth_WH,na,0,yr_WECC_PNW_PugetSoundNorth_capacity_WH31,yr_WECC_PNW_PugetSoundNorth_capacity_WH31,E3_NR,95.0,FUEL,FUEL,FUEL,FUEL,FUEL,FUEL,FUEL,FUEL,FUEL,0,FUEL,0,1/1/2017,12/31/2054,FUEL,,,FUEL,0,0,,FUEL,FUEL,,FUEL,,hr_ElecLoadShapes|WECC_WH|2009,,,,,,,,,,,,,,,,,,,,,,,,,,,,,,,,,,,,,,,,,TRUE,FUEL,1,,,,,,,,,,,,,OP,,2018,,,,,,,,,,,,,,,,,,,,,,,,,,,,,,,,,,TRUE
75,WECC_PNW_SeattleCL,WH,FALSE,WH32,WECC_PNW_SeattleCL_WH,na,0,yr_WECC_PNW_SeattleCL_capacity_WH32,yr_WECC_PNW_SeattleCL_capacity_WH32,E3_NR,602.0,FUEL,FUEL,FUEL,FUEL,FUEL,FUEL,FUEL,FUEL,FUEL,0,FUEL,0,1/1/2017,12/31/2054,FUEL,,,FUEL,0,0,,FUEL,FUEL,,FUEL,,hr_ElecLoadShapes|WECC_WH|2009,,,,,,,,,,,,,,,,,,,,,,,,,,,,,,,,,,,,,,,,,TRUE,FUEL,1,,,,,,,,,,,,,OP,,2018,,,,,,,,,,,,,,,,,,,,,,,,,,,,,,,,,,TRUE
76,WECC_PNW_TacomaPower,WH,FALSE,WH33,WECC_PNW_TacomaPower_WH,na,0,yr_WECC_PNW_TacomaPower_capacity_WH33,yr_WECC_PNW_TacomaPower_capacity_WH33,E3_NR,603.0,FUEL,FUEL,FUEL,FUEL,FUEL,FUEL,FUEL,FUEL,FUEL,0,FUEL,0,1/1/2017,12/31/2054,FUEL,,,FUEL,0,0,,FUEL,FUEL,,FUEL,,hr_ElecLoadShapes|WECC_WH|2009,,,,,,,,,,,,,,,,,,,,,,,,,,,,,,,,,,,,,,,,,TRUE,FUEL,1,,,,,,,,,,,,,OP,,2018,,,,,,,,,,,,,,,,,,,,,,,,,,,,,,,,,,TRUE
77,WECC_PublicServiceCO,WH,FALSE,WH34,WECC_PublicServiceCO_WH,na,0,yr_WECC_PublicServiceCO_capacity_WH34,yr_WECC_PublicServiceCO_capacity_WH34,E3_NR,623.0,FUEL,FUEL,FUEL,FUEL,FUEL,FUEL,FUEL,FUEL,FUEL,0,FUEL,0,1/1/2017,12/31/2054,FUEL,,,FUEL,0,0,,FUEL,FUEL,,FUEL,,hr_ElecLoadShapes|WECC_WH|2009,,,,,,,,,,,,,,,,,,,,,,,,,,,,,,,,,,,,,,,,,TRUE,FUEL,1,,,,,,,,,,,,,OP,,2018,,,,,,,,,,,,,,,,,,,,,,,,,,,,,,,,,,TRUE
78,WECC_PublicServiceNM,WH,FALSE,WH35,WECC_PublicServiceNM_WH,na,0,yr_WECC_PublicServiceNM_capacity_WH35,yr_WECC_PublicServiceNM_capacity_WH35,E3_NR,627.0,FUEL,FUEL,FUEL,FUEL,FUEL,FUEL,FUEL,FUEL,FUEL,0,FUEL,0,1/1/2017,12/31/2054,FUEL,,,FUEL,0,0,,FUEL,FUEL,,FUEL,,hr_ElecLoadShapes|WECC_WH|2009,,,,,,,,,,,,,,,,,,,,,,,,,,,,,,,,,,,,,,,,,TRUE,FUEL,1,,,,,,,,,,,,,OP,,2018,,,,,,,,,,,,,,,,,,,,,,,,,,,,,,,,,,TRUE
79,WECC_SaltRiverProject,WH,FALSE,WH36,WECC_SaltRiverProject_WH,na,0,yr_WECC_SaltRiverProject_capacity_WH36,yr_WECC_SaltRiverProject_capacity_WH36,E3_NR,625.0,FUEL,FUEL,FUEL,FUEL,FUEL,FUEL,FUEL,FUEL,FUEL,0,FUEL,0,1/1/2017,12/31/2054,FUEL,,,FUEL,0,0,,FUEL,FUEL,,FUEL,,hr_ElecLoadShapes|WECC_WH|2009,,,,,,,,,,,,,,,,,,,,,,,,,,,,,,,,,,,,,,,,,TRUE,FUEL,1,,,,,,,,,,,,,OP,,2018,,,,,,,,,,,,,,,,,,,,,,,,,,,,,,,,,,TRUE
80,WECC_TucsonElectric,WH,FALSE,WH37,WECC_TucsonElectric_WH,na,0,yr_WECC_TucsonElectric_capacity_WH37,yr_WECC_TucsonElectric_capacity_WH37,E3_NR,626.0,FUEL,FUEL,FUEL,FUEL,FUEL,FUEL,FUEL,FUEL,FUEL,0,FUEL,0,1/1/2017,12/31/2054,FUEL,,,FUEL,0,0,,FUEL,FUEL,,FUEL,,hr_ElecLoadShapes|WECC_WH|2009,,,,,,,,,,,,,,,,,,,,,,,,,,,,,,,,,,,,,,,,,TRUE,FUEL,1,,,,,,,,,,,,,OP,,2018,,,,,,,,,,,,,,,,,,,,,,,,,,,,,,,,,,TRUE
81,WECC_VEA,WH,FALSE,WH38,WECC_VEA_WH,na,0,yr_WECC_VEA_capacity_WH38,yr_WECC_VEA_capacity_WH38,E3_NR,622.0,FUEL,FUEL,FUEL,FUEL,FUEL,FUEL,FUEL,FUEL,FUEL,0,FUEL,0,1/1/2017,12/31/2054,FUEL,,,FUEL,0,0,,FUEL,FUEL,,FUEL,,hr_ElecLoadShapes|WECC_WH|2009,,,,,,,,,,,,,,,,,,,,,,,,,,,,,,,,,,,,,,,,,TRUE,FUEL,1,,,,,,,,,,,,,OP,,2018,,,,,,,,,,,,,,,,,,,,,,,,,,,,,,,,,,TRUE
82,WECC_WAPA_CO,WH,FALSE,WH39,WECC_WAPA_CO_WH,na,0,yr_WECC_WAPA_CO_capacity_WH39,yr_WECC_WAPA_CO_capacity_WH39,E3_NR,618.0,FUEL,FUEL,FUEL,FUEL,FUEL,FUEL,FUEL,FUEL,FUEL,0,FUEL,0,1/1/2017,12/31/2054,FUEL,,,FUEL,0,0,,FUEL,FUEL,,FUEL,,hr_ElecLoadShapes|WECC_WH|2009,,,,,,,,,,,,,,,,,,,,,,,,,,,,,,,,,,,,,,,,,TRUE,FUEL,1,,,,,,,,,,,,,OP,,2018,,,,,,,,,,,,,,,,,,,,,,,,,,,,,,,,,,TRUE
83,WECC_WAPA_LwrCO,WH,FALSE,WH40,WECC_WAPA_LwrCO_WH,na,0,yr_WECC_WAPA_LwrCO_capacity_WH40,yr_WECC_WAPA_LwrCO_capacity_WH40,E3_NR,620.0,FUEL,FUEL,FUEL,FUEL,FUEL,FUEL,FUEL,FUEL,FUEL,0,FUEL,0,1/1/2017,12/31/2054,FUEL,,,FUEL,0,0,,FUEL,FUEL,,FUEL,,hr_ElecLoadShapes|WECC_WH|2009,,,,,,,,,,,,,,,,,,,,,,,,,,,,,,,,,,,,,,,,,TRUE,FUEL,1,,,,,,,,,,,,,OP,,2018,,,,,,,,,,,,,,,,,,,,,,,,,,,,,,,,,,TRUE
84,WECC_WAPA_UprMO,WH,FALSE,WH41,WECC_WAPA_UprMO_WH,na,0,yr_WECC_WAPA_UprMO_capacity_WH41,yr_WECC_WAPA_UprMO_capacity_WH41,E3_NR,621.0,FUEL,FUEL,FUEL,FUEL,FUEL,FUEL,FUEL,FUEL,FUEL,0,FUEL,0,1/1/2017,12/31/2054,FUEL,,,FUEL,0,0,,FUEL,FUEL,,FUEL,,hr_ElecLoadShapes|WECC_WH|2009,,,,,,,,,,,,,,,,,,,,,,,,,,,,,,,,,,,,,,,,,TRUE,FUEL,1,,,,,,,,,,,,,OP,,2018,,,,,,,,,,,,,,,,,,,,,,,,,,,,,,,,,,TRUE
85,WECC_WAPA_WY,WH,FALSE,WH42,WECC_WAPA_WY_WH,na,0,yr_WECC_WAPA_WY_capacity_WH42,yr_WECC_WAPA_WY_capacity_WH42,E3_NR,619.0,FUEL,FUEL,FUEL,FUEL,FUEL,FUEL,FUEL,FUEL,FUEL,0,FUEL,0,1/1/2017,12/31/2054,FUEL,,,FUEL,0,0,,FUEL,FUEL,,FUEL,,hr_ElecLoadShapes|WECC_WH|2009,,,,,,,,,,,,,,,,,,,,,,,,,,,,,,,,,,,,,,,,,TRUE,FUEL,1,,,,,,,,,,,,,OP,,2018,,,,,,,,,,,,,,,,,,,,,,,,,,,,,,,,,,TRUE
86,WECC_AZPublicService,HDV,FALSE,HDV0,WECC_AZPublicService_HDV,na,0,yr_WECC_AZPublicService_capacity_HDV0,yr_WECC_AZPublicService_capacity_HDV0,E3_NR,624.0,FUEL,FUEL,FUEL,FUEL,FUEL,FUEL,FUEL,FUEL,FUEL,0,FUEL,0,1/1/2017,12/31/2054,FUEL,,,FUEL,0,0,,FUEL,FUEL,,FUEL,,hr_ElecLoadShapes|WECC_EV_Flat|2009,,,,,,,,,,,,,,,,,,,,,,,,,,,,,,,,,,,,,,,,,TRUE,FUEL,1,,,,,,,,,,,,,OP,,2018,,,,,,,,,,,,,,,,,,,,,,,,,,,,,,,,,,TRUE
87,WECC_CA_BANC,HDV,FALSE,HDV1,WECC_CA_BANC_HDV,na,0,yr_WECC_CA_BANC_capacity_HDV1,yr_WECC_CA_BANC_capacity_HDV1,E3_NR,83.0,FUEL,FUEL,FUEL,FUEL,FUEL,FUEL,FUEL,FUEL,FUEL,0,FUEL,0,1/1/2017,12/31/2054,FUEL,,,FUEL,0,0,,FUEL,FUEL,,FUEL,,hr_ElecLoadShapes|WECC_EV_Flat|2009,,,,,,,,,,,,,,,,,,,,,,,,,,,,,,,,,,,,,,,,,TRUE,FUEL,1,,,,,,,,,,,,,OP,,2018,,,,,,,,,,,,,,,,,,,,,,,,,,,,,,,,,,TRUE
88,WECC_CA_IID,HDV,FALSE,HDV2,WECC_CA_IID_HDV,na,0,yr_WECC_CA_IID_capacity_HDV2,yr_WECC_CA_IID_capacity_HDV2,E3_NR,78.0,FUEL,FUEL,FUEL,FUEL,FUEL,FUEL,FUEL,FUEL,FUEL,0,FUEL,0,1/1/2017,12/31/2054,FUEL,,,FUEL,0,0,,FUEL,FUEL,,FUEL,,hr_ElecLoadShapes|WECC_EV_Flat|2009,,,,,,,,,,,,,,,,,,,,,,,,,,,,,,,,,,,,,,,,,TRUE,FUEL,1,,,,,,,,,,,,,OP,,2018,,,,,,,,,,,,,,,,,,,,,,,,,,,,,,,,,,TRUE
89,WECC_CA_LDWP,HDV,FALSE,HDV3,WECC_CA_LDWP_HDV,na,0,yr_WECC_CA_LDWP_capacity_HDV3,yr_WECC_CA_LDWP_capacity_HDV3,E3_NR,79.0,FUEL,FUEL,FUEL,FUEL,FUEL,FUEL,FUEL,FUEL,FUEL,0,FUEL,0,1/1/2017,12/31/2054,FUEL,,,FUEL,0,0,,FUEL,FUEL,,FUEL,,hr_ElecLoadShapes|WECC_EV_Flat|2009,,,,,,,,,,,,,,,,,,,,,,,,,,,,,,,,,,,,,,,,,TRUE,FUEL,1,,,,,,,,,,,,,OP,,2018,,,,,,,,,,,,,,,,,,,,,,,,,,,,,,,,,,TRUE
90,WECC_CA_PGandE_BayArea,HDV,FALSE,HDV4,WECC_CA_PGandE_BayArea_HDV,na,0,yr_WECC_CA_PGandE_BayArea_capacity_HDV4,yr_WECC_CA_PGandE_BayArea_capacity_HDV4,E3_NR,80.0,FUEL,FUEL,FUEL,FUEL,FUEL,FUEL,FUEL,FUEL,FUEL,0,FUEL,0,1/1/2017,12/31/2054,FUEL,,,FUEL,0,0,,FUEL,FUEL,,FUEL,,hr_ElecLoadShapes|WECC_EV_Flat|2009,,,,,,,,,,,,,,,,,,,,,,,,,,,,,,,,,,,,,,,,,TRUE,FUEL,1,,,,,,,,,,,,,OP,,2018,,,,,,,,,,,,,,,,,,,,,,,,,,,,,,,,,,TRUE
91,WECC_CA_PGandE_North,HDV,FALSE,HDV5,WECC_CA_PGandE_North_HDV,na,0,yr_WECC_CA_PGandE_North_capacity_HDV5,yr_WECC_CA_PGandE_North_capacity_HDV5,E3_NR,45.0,FUEL,FUEL,FUEL,FUEL,FUEL,FUEL,FUEL,FUEL,FUEL,0,FUEL,0,1/1/2017,12/31/2054,FUEL,,,FUEL,0,0,,FUEL,FUEL,,FUEL,,hr_ElecLoadShapes|WECC_EV_Flat|2009,,,,,,,,,,,,,,,,,,,,,,,,,,,,,,,,,,,,,,,,,TRUE,FUEL,1,,,,,,,,,,,,,OP,,2018,,,,,,,,,,,,,,,,,,,,,,,,,,,,,,,,,,TRUE
92,WECC_CA_PGandE_ZP26,HDV,FALSE,HDV6,WECC_CA_PGandE_ZP26_HDV,na,0,yr_WECC_CA_PGandE_ZP26_capacity_HDV6,yr_WECC_CA_PGandE_ZP26_capacity_HDV6,E3_NR,81.0,FUEL,FUEL,FUEL,FUEL,FUEL,FUEL,FUEL,FUEL,FUEL,0,FUEL,0,1/1/2017,12/31/2054,FUEL,,,FUEL,0,0,,FUEL,FUEL,,FUEL,,hr_ElecLoadShapes|WECC_EV_Flat|2009,,,,,,,,,,,,,,,,,,,,,,,,,,,,,,,,,,,,,,,,,TRUE,FUEL,1,,,,,,,,,,,,,OP,,2018,,,,,,,,,,,,,,,,,,,,,,,,,,,,,,,,,,TRUE
93,WECC_CA_SCE,HDV,FALSE,HDV7,WECC_CA_SCE_HDV,na,0,yr_WECC_CA_SCE_capacity_HDV7,yr_WECC_CA_SCE_capacity_HDV7,E3_NR,46.0,FUEL,FUEL,FUEL,FUEL,FUEL,FUEL,FUEL,FUEL,FUEL,0,FUEL,0,1/1/2017,12/31/2054,FUEL,,,FUEL,0,0,,FUEL,FUEL,,FUEL,,hr_ElecLoadShapes|WECC_EV_Flat|2009,,,,,,,,,,,,,,,,,,,,,,,,,,,,,,,,,,,,,,,,,TRUE,FUEL,1,,,,,,,,,,,,,OP,,2018,,,,,,,,,,,,,,,,,,,,,,,,,,,,,,,,,,TRUE
94,WECC_CA_SDGE,HDV,FALSE,HDV8,WECC_CA_SDGE_HDV,na,0,yr_WECC_CA_SDGE_capacity_HDV8,yr_WECC_CA_SDGE_capacity_HDV8,E3_NR,82.0,FUEL,FUEL,FUEL,FUEL,FUEL,FUEL,FUEL,FUEL,FUEL,0,FUEL,0,1/1/2017,12/31/2054,FUEL,,,FUEL,0,0,,FUEL,FUEL,,FUEL,,hr_ElecLoadShapes|WECC_EV_Flat|2009,,,,,,,,,,,,,,,,,,,,,,,,,,,,,,,,,,,,,,,,,TRUE,FUEL,1,,,,,,,,,,,,,OP,,2018,,,,,,,,,,,,,,,,,,,,,,,,,,,,,,,,,,TRUE
95,WECC_CA_TIDC,HDV,FALSE,HDV9,WECC_CA_TIDC_HDV,na,0,yr_WECC_CA_TIDC_capacity_HDV9,yr_WECC_CA_TIDC_capacity_HDV9,E3_NR,600.0,FUEL,FUEL,FUEL,FUEL,FUEL,FUEL,FUEL,FUEL,FUEL,0,FUEL,0,1/1/2017,12/31/2054,FUEL,,,FUEL,0,0,,FUEL,FUEL,,FUEL,,hr_ElecLoadShapes|WECC_EV_Flat|2009,,,,,,,,,,,,,,,,,,,,,,,,,,,,,,,,,,,,,,,,,TRUE,FUEL,1,,,,,,,,,,,,,OP,,2018,,,,,,,,,,,,,,,,,,,,,,,,,,,,,,,,,,TRUE
96,WECC_ElPasoElectric,HDV,FALSE,HDV10,WECC_ElPasoElectric_HDV,na,0,yr_WECC_ElPasoElectric_capacity_HDV10,yr_WECC_ElPasoElectric_capacity_HDV10,E3_NR,628.0,FUEL,FUEL,FUEL,FUEL,FUEL,FUEL,FUEL,FUEL,FUEL,0,FUEL,0,1/1/2017,12/31/2054,FUEL,,,FUEL,0,0,,FUEL,FUEL,,FUEL,,hr_ElecLoadShapes|WECC_EV_Flat|2009,,,,,,,,,,,,,,,,,,,,,,,,,,,,,,,,,,,,,,,,,TRUE,FUEL,1,,,,,,,,,,,,,OP,,2018,,,,,,,,,,,,,,,,,,,,,,,,,,,,,,,,,,TRUE
97,WECC_NevadaNorth,HDV,FALSE,HDV11,WECC_NevadaNorth_HDV,na,0,yr_WECC_NevadaNorth_capacity_HDV11,yr_WECC_NevadaNorth_capacity_HDV11,E3_NR,55.0,FUEL,FUEL,FUEL,FUEL,FUEL,FUEL,FUEL,FUEL,FUEL,0,FUEL,0,1/1/2017,12/31/2054,FUEL,,,FUEL,0,0,,FUEL,FUEL,,FUEL,,hr_ElecLoadShapes|WECC_EV_Flat|2009,,,,,,,,,,,,,,,,,,,,,,,,,,,,,,,,,,,,,,,,,TRUE,FUEL,1,,,,,,,,,,,,,OP,,2018,,,,,,,,,,,,,,,,,,,,,,,,,,,,,,,,,,TRUE
98,WECC_NevadaSouth,HDV,FALSE,HDV12,WECC_NevadaSouth_HDV,na,0,yr_WECC_NevadaSouth_capacity_HDV12,yr_WECC_NevadaSouth_capacity_HDV12,E3_NR,60.0,FUEL,FUEL,FUEL,FUEL,FUEL,FUEL,FUEL,FUEL,FUEL,0,FUEL,0,1/1/2017,12/31/2054,FUEL,,,FUEL,0,0,,FUEL,FUEL,,FUEL,,hr_ElecLoadShapes|WECC_EV_Flat|2009,,,,,,,,,,,,,,,,,,,,,,,,,,,,,,,,,,,,,,,,,TRUE,FUEL,1,,,,,,,,,,,,,OP,,2018,,,,,,,,,,,,,,,,,,,,,,,,,,,,,,,,,,TRUE
99,WECC_NorthwesternMT,HDV,FALSE,HDV13,WECC_NorthwesternMT_HDV,na,0,yr_WECC_NorthwesternMT_capacity_HDV13,yr_WECC_NorthwesternMT_capacity_HDV13,E3_NR,617.0,FUEL,FUEL,FUEL,FUEL,FUEL,FUEL,FUEL,FUEL,FUEL,0,FUEL,0,1/1/2017,12/31/2054,FUEL,,,FUEL,0,0,,FUEL,FUEL,,FUEL,,hr_ElecLoadShapes|WECC_EV_Flat|2009,,,,,,,,,,,,,,,,,,,,,,,,,,,,,,,,,,,,,,,,,TRUE,FUEL,1,,,,,,,,,,,,,OP,,2018,,,,,,,,,,,,,,,,,,,,,,,,,,,,,,,,,,TRUE
100,WECC_PNW_Avista,HDV,FALSE,HDV14,WECC_PNW_Avista_HDV,na,0,yr_WECC_PNW_Avista_capacity_HDV14,yr_WECC_PNW_Avista_capacity_HDV14,E3_NR,607.0,FUEL,FUEL,FUEL,FUEL,FUEL,FUEL,FUEL,FUEL,FUEL,0,FUEL,0,1/1/2017,12/31/2054,FUEL,,,FUEL,0,0,,FUEL,FUEL,,FUEL,,hr_ElecLoadShapes|WECC_EV_Flat|2009,,,,,,,,,,,,,,,,,,,,,,,,,,,,,,,,,,,,,,,,,TRUE,FUEL,1,,,,,,,,,,,,,OP,,2018,,,,,,,,,,,,,,,,,,,,,,,,,,,,,,,,,,TRUE
101,WECC_PNW_Bonneville_IDMT,HDV,FALSE,HDV15,WECC_PNW_Bonneville_IDMT_HDV,na,0,yr_WECC_PNW_Bonneville_IDMT_capacity_HDV15,yr_WECC_PNW_Bonneville_IDMT_capacity_HDV15,E3_NR,611.0,FUEL,FUEL,FUEL,FUEL,FUEL,FUEL,FUEL,FUEL,FUEL,0,FUEL,0,1/1/2017,12/31/2054,FUEL,,,FUEL,0,0,,FUEL,FUEL,,FUEL,,hr_ElecLoadShapes|WECC_EV_Flat|2009,,,,,,,,,,,,,,,,,,,,,,,,,,,,,,,,,,,,,,,,,TRUE,FUEL,1,,,,,,,,,,,,,OP,,2018,,,,,,,,,,,,,,,,,,,,,,,,,,,,,,,,,,TRUE
102,WECC_PNW_Bonneville_OR,HDV,FALSE,HDV16,WECC_PNW_Bonneville_OR_HDV,na,0,yr_WECC_PNW_Bonneville_OR_capacity_HDV16,yr_WECC_PNW_Bonneville_OR_capacity_HDV16,E3_NR,609.0,FUEL,FUEL,FUEL,FUEL,FUEL,FUEL,FUEL,FUEL,FUEL,0,FUEL,0,1/1/2017,12/31/2054,FUEL,,,FUEL,0,0,,FUEL,FUEL,,FUEL,,hr_ElecLoadShapes|WECC_EV_Flat|2009,,,,,,,,,,,,,,,,,,,,,,,,,,,,,,,,,,,,,,,,,TRUE,FUEL,1,,,,,,,,,,,,,OP,,2018,,,,,,,,,,,,,,,,,,,,,,,,,,,,,,,,,,TRUE
103,WECC_PNW_Bonneville_WA,HDV,FALSE,HDV17,WECC_PNW_Bonneville_WA_HDV,na,0,yr_WECC_PNW_Bonneville_WA_capacity_HDV17,yr_WECC_PNW_Bonneville_WA_capacity_HDV17,E3_NR,610.0,FUEL,FUEL,FUEL,FUEL,FUEL,FUEL,FUEL,FUEL,FUEL,0,FUEL,0,1/1/2017,12/31/2054,FUEL,,,FUEL,0,0,,FUEL,FUEL,,FUEL,,hr_ElecLoadShapes|WECC_EV_Flat|2009,,,,,,,,,,,,,,,,,,,,,,,,,,,,,,,,,,,,,,,,,TRUE,FUEL,1,,,,,,,,,,,,,OP,,2018,,,,,,,,,,,,,,,,,,,,,,,,,,,,,,,,,,TRUE
104,WECC_PNW_ChelanCountyPUD,HDV,FALSE,HDV18,WECC_PNW_ChelanCountyPUD_HDV,na,0,yr_WECC_PNW_ChelanCountyPUD_capacity_HDV18,yr_WECC_PNW_ChelanCountyPUD_capacity_HDV18,E3_NR,605.0,FUEL,FUEL,FUEL,FUEL,FUEL,FUEL,FUEL,FUEL,FUEL,0,FUEL,0,1/1/2017,12/31/2054,FUEL,,,FUEL,0,0,,FUEL,FUEL,,FUEL,,hr_ElecLoadShapes|WECC_EV_Flat|2009,,,,,,,,,,,,,,,,,,,,,,,,,,,,,,,,,,,,,,,,,TRUE,FUEL,1,,,,,,,,,,,,,OP,,2018,,,,,,,,,,,,,,,,,,,,,,,,,,,,,,,,,,TRUE
105,WECC_PNW_DouglasCountyPUD,HDV,FALSE,HDV19,WECC_PNW_DouglasCountyPUD_HDV,na,0,yr_WECC_PNW_DouglasCountyPUD_capacity_HDV19,yr_WECC_PNW_DouglasCountyPUD_capacity_HDV19,E3_NR,606.0,FUEL,FUEL,FUEL,FUEL,FUEL,FUEL,FUEL,FUEL,FUEL,0,FUEL,0,1/1/2017,12/31/2054,FUEL,,,FUEL,0,0,,FUEL,FUEL,,FUEL,,hr_ElecLoadShapes|WECC_EV_Flat|2009,,,,,,,,,,,,,,,,,,,,,,,,,,,,,,,,,,,,,,,,,TRUE,FUEL,1,,,,,,,,,,,,,OP,,2018,,,,,,,,,,,,,,,,,,,,,,,,,,,,,,,,,,TRUE
106,WECC_PNW_GrantCountyPUD,HDV,FALSE,HDV20,WECC_PNW_GrantCountyPUD_HDV,na,0,yr_WECC_PNW_GrantCountyPUD_capacity_HDV20,yr_WECC_PNW_GrantCountyPUD_capacity_HDV20,E3_NR,604.0,FUEL,FUEL,FUEL,FUEL,FUEL,FUEL,FUEL,FUEL,FUEL,0,FUEL,0,1/1/2017,12/31/2054,FUEL,,,FUEL,0,0,,FUEL,FUEL,,FUEL,,hr_ElecLoadShapes|WECC_EV_Flat|2009,,,,,,,,,,,,,,,,,,,,,,,,,,,,,,,,,,,,,,,,,TRUE,FUEL,1,,,,,,,,,,,,,OP,,2018,,,,,,,,,,,,,,,,,,,,,,,,,,,,,,,,,,TRUE
107,WECC_PNW_IdahoPowerFE,HDV,FALSE,HDV21,WECC_PNW_IdahoPowerFE_HDV,na,0,yr_WECC_PNW_IdahoPowerFE_capacity_HDV21,yr_WECC_PNW_IdahoPowerFE_capacity_HDV21,E3_NR,614.0,FUEL,FUEL,FUEL,FUEL,FUEL,FUEL,FUEL,FUEL,FUEL,0,FUEL,0,1/1/2017,12/31/2054,FUEL,,,FUEL,0,0,,FUEL,FUEL,,FUEL,,hr_ElecLoadShapes|WECC_EV_Flat|2009,,,,,,,,,,,,,,,,,,,,,,,,,,,,,,,,,,,,,,,,,TRUE,FUEL,1,,,,,,,,,,,,,OP,,2018,,,,,,,,,,,,,,,,,,,,,,,,,,,,,,,,,,TRUE
108,WECC_PNW_IdahoPowerMV,HDV,FALSE,HDV22,WECC_PNW_IdahoPowerMV_HDV,na,0,yr_WECC_PNW_IdahoPowerMV_capacity_HDV22,yr_WECC_PNW_IdahoPowerMV_capacity_HDV22,E3_NR,613.0,FUEL,FUEL,FUEL,FUEL,FUEL,FUEL,FUEL,FUEL,FUEL,0,FUEL,0,1/1/2017,12/31/2054,FUEL,,,FUEL,0,0,,FUEL,FUEL,,FUEL,,hr_ElecLoadShapes|WECC_EV_Flat|2009,,,,,,,,,,,,,,,,,,,,,,,,,,,,,,,,,,,,,,,,,TRUE,FUEL,1,,,,,,,,,,,,,OP,,2018,,,,,,,,,,,,,,,,,,,,,,,,,,,,,,,,,,TRUE
109,WECC_PNW_IdahoPowerTV,HDV,FALSE,HDV23,WECC_PNW_IdahoPowerTV_HDV,na,0,yr_WECC_PNW_IdahoPowerTV_capacity_HDV23,yr_WECC_PNW_IdahoPowerTV_capacity_HDV23,E3_NR,612.0,FUEL,FUEL,FUEL,FUEL,FUEL,FUEL,FUEL,FUEL,FUEL,0,FUEL,0,1/1/2017,12/31/2054,FUEL,,,FUEL,0,0,,FUEL,FUEL,,FUEL,,hr_ElecLoadShapes|WECC_EV_Flat|2009,,,,,,,,,,,,,,,,,,,,,,,,,,,,,,,,,,,,,,,,,TRUE,FUEL,1,,,,,,,,,,,,,OP,,2018,,,,,,,,,,,,,,,,,,,,,,,,,,,,,,,,,,TRUE
110,WECC_PNW_Olympia,HDV,FALSE,HDV24,WECC_PNW_Olympia_HDV,na,0,yr_WECC_PNW_Olympia_capacity_HDV24,yr_WECC_PNW_Olympia_capacity_HDV24,E3_NR,93.0,FUEL,FUEL,FUEL,FUEL,FUEL,FUEL,FUEL,FUEL,FUEL,0,FUEL,0,1/1/2017,12/31/2054,FUEL,,,FUEL,0,0,,FUEL,FUEL,,FUEL,,hr_ElecLoadShapes|WECC_EV_Flat|2009,,,,,,,,,,,,,,,,,,,,,,,,,,,,,,,,,,,,,,,,,TRUE,FUEL,1,,,,,,,,,,,,,OP,,2018,,,,,,,,,,,,,,,,,,,,,,,,,,,,,,,,,,TRUE
111,WECC_PNW_PacificorpEastID,HDV,FALSE,HDV25,WECC_PNW_PacificorpEastID_HDV,na,0,yr_WECC_PNW_PacificorpEastID_capacity_HDV25,yr_WECC_PNW_PacificorpEastID_capacity_HDV25,E3_NR,615.0,FUEL,FUEL,FUEL,FUEL,FUEL,FUEL,FUEL,FUEL,FUEL,0,FUEL,0,1/1/2017,12/31/2054,FUEL,,,FUEL,0,0,,FUEL,FUEL,,FUEL,,hr_ElecLoadShapes|WECC_EV_Flat|2009,,,,,,,,,,,,,,,,,,,,,,,,,,,,,,,,,,,,,,,,,TRUE,FUEL,1,,,,,,,,,,,,,OP,,2018,,,,,,,,,,,,,,,,,,,,,,,,,,,,,,,,,,TRUE
112,WECC_PNW_PacificorpEastUT,HDV,FALSE,HDV26,WECC_PNW_PacificorpEastUT_HDV,na,0,yr_WECC_PNW_PacificorpEastUT_capacity_HDV26,yr_WECC_PNW_PacificorpEastUT_capacity_HDV26,E3_NR,54.0,FUEL,FUEL,FUEL,FUEL,FUEL,FUEL,FUEL,FUEL,FUEL,0,FUEL,0,1/1/2017,12/31/2054,FUEL,,,FUEL,0,0,,FUEL,FUEL,,FUEL,,hr_ElecLoadShapes|WECC_EV_Flat|2009,,,,,,,,,,,,,,,,,,,,,,,,,,,,,,,,,,,,,,,,,TRUE,FUEL,1,,,,,,,,,,,,,OP,,2018,,,,,,,,,,,,,,,,,,,,,,,,,,,,,,,,,,TRUE
113,WECC_PNW_PacificorpEastWY,HDV,FALSE,HDV27,WECC_PNW_PacificorpEastWY_HDV,na,0,yr_WECC_PNW_PacificorpEastWY_capacity_HDV27,yr_WECC_PNW_PacificorpEastWY_capacity_HDV27,E3_NR,616.0,FUEL,FUEL,FUEL,FUEL,FUEL,FUEL,FUEL,FUEL,FUEL,0,FUEL,0,1/1/2017,12/31/2054,FUEL,,,FUEL,0,0,,FUEL,FUEL,,FUEL,,hr_ElecLoadShapes|WECC_EV_Flat|2009,,,,,,,,,,,,,,,,,,,,,,,,,,,,,,,,,,,,,,,,,TRUE,FUEL,1,,,,,,,,,,,,,OP,,2018,,,,,,,,,,,,,,,,,,,,,,,,,,,,,,,,,,TRUE
114,WECC_PNW_PACWSouth,HDV,FALSE,HDV28,WECC_PNW_PACWSouth_HDV,na,0,yr_WECC_PNW_PACWSouth_capacity_HDV28,yr_WECC_PNW_PACWSouth_capacity_HDV28,E3_NR,94.0,FUEL,FUEL,FUEL,FUEL,FUEL,FUEL,FUEL,FUEL,FUEL,0,FUEL,0,1/1/2017,12/31/2054,FUEL,,,FUEL,0,0,,FUEL,FUEL,,FUEL,,hr_ElecLoadShapes|WECC_EV_Flat|2009,,,,,,,,,,,,,,,,,,,,,,,,,,,,,,,,,,,,,,,,,TRUE,FUEL,1,,,,,,,,,,,,,OP,,2018,,,,,,,,,,,,,,,,,,,,,,,,,,,,,,,,,,TRUE
115,WECC_PNW_PortlandGeneral,HDV,FALSE,HDV29,WECC_PNW_PortlandGeneral_HDV,na,0,yr_WECC_PNW_PortlandGeneral_capacity_HDV29,yr_WECC_PNW_PortlandGeneral_capacity_HDV29,E3_NR,608.0,FUEL,FUEL,FUEL,FUEL,FUEL,FUEL,FUEL,FUEL,FUEL,0,FUEL,0,1/1/2017,12/31/2054,FUEL,,,FUEL,0,0,,FUEL,FUEL,,FUEL,,hr_ElecLoadShapes|WECC_EV_Flat|2009,,,,,,,,,,,,,,,,,,,,,,,,,,,,,,,,,,,,,,,,,TRUE,FUEL,1,,,,,,,,,,,,,OP,,2018,,,,,,,,,,,,,,,,,,,,,,,,,,,,,,,,,,TRUE
116,WECC_PNW_PugetSoundCentral,HDV,FALSE,HDV30,WECC_PNW_PugetSoundCentral_HDV,na,0,yr_WECC_PNW_PugetSoundCentral_capacity_HDV30,yr_WECC_PNW_PugetSoundCentral_capacity_HDV30,E3_NR,601.0,FUEL,FUEL,FUEL,FUEL,FUEL,FUEL,FUEL,FUEL,FUEL,0,FUEL,0,1/1/2017,12/31/2054,FUEL,,,FUEL,0,0,,FUEL,FUEL,,FUEL,,hr_ElecLoadShapes|WECC_EV_Flat|2009,,,,,,,,,,,,,,,,,,,,,,,,,,,,,,,,,,,,,,,,,TRUE,FUEL,1,,,,,,,,,,,,,OP,,2018,,,,,,,,,,,,,,,,,,,,,,,,,,,,,,,,,,TRUE
117,WECC_PNW_PugetSoundNorth,HDV,FALSE,HDV31,WECC_PNW_PugetSoundNorth_HDV,na,0,yr_WECC_PNW_PugetSoundNorth_capacity_HDV31,yr_WECC_PNW_PugetSoundNorth_capacity_HDV31,E3_NR,95.0,FUEL,FUEL,FUEL,FUEL,FUEL,FUEL,FUEL,FUEL,FUEL,0,FUEL,0,1/1/2017,12/31/2054,FUEL,,,FUEL,0,0,,FUEL,FUEL,,FUEL,,hr_ElecLoadShapes|WECC_EV_Flat|2009,,,,,,,,,,,,,,,,,,,,,,,,,,,,,,,,,,,,,,,,,TRUE,FUEL,1,,,,,,,,,,,,,OP,,2018,,,,,,,,,,,,,,,,,,,,,,,,,,,,,,,,,,TRUE
118,WECC_PNW_SeattleCL,HDV,FALSE,HDV32,WECC_PNW_SeattleCL_HDV,na,0,yr_WECC_PNW_SeattleCL_capacity_HDV32,yr_WECC_PNW_SeattleCL_capacity_HDV32,E3_NR,602.0,FUEL,FUEL,FUEL,FUEL,FUEL,FUEL,FUEL,FUEL,FUEL,0,FUEL,0,1/1/2017,12/31/2054,FUEL,,,FUEL,0,0,,FUEL,FUEL,,FUEL,,hr_ElecLoadShapes|WECC_EV_Flat|2009,,,,,,,,,,,,,,,,,,,,,,,,,,,,,,,,,,,,,,,,,TRUE,FUEL,1,,,,,,,,,,,,,OP,,2018,,,,,,,,,,,,,,,,,,,,,,,,,,,,,,,,,,TRUE
119,WECC_PNW_TacomaPower,HDV,FALSE,HDV33,WECC_PNW_TacomaPower_HDV,na,0,yr_WECC_PNW_TacomaPower_capacity_HDV33,yr_WECC_PNW_TacomaPower_capacity_HDV33,E3_NR,603.0,FUEL,FUEL,FUEL,FUEL,FUEL,FUEL,FUEL,FUEL,FUEL,0,FUEL,0,1/1/2017,12/31/2054,FUEL,,,FUEL,0,0,,FUEL,FUEL,,FUEL,,hr_ElecLoadShapes|WECC_EV_Flat|2009,,,,,,,,,,,,,,,,,,,,,,,,,,,,,,,,,,,,,,,,,TRUE,FUEL,1,,,,,,,,,,,,,OP,,2018,,,,,,,,,,,,,,,,,,,,,,,,,,,,,,,,,,TRUE
120,WECC_PublicServiceCO,HDV,FALSE,HDV34,WECC_PublicServiceCO_HDV,na,0,yr_WECC_PublicServiceCO_capacity_HDV34,yr_WECC_PublicServiceCO_capacity_HDV34,E3_NR,623.0,FUEL,FUEL,FUEL,FUEL,FUEL,FUEL,FUEL,FUEL,FUEL,0,FUEL,0,1/1/2017,12/31/2054,FUEL,,,FUEL,0,0,,FUEL,FUEL,,FUEL,,hr_ElecLoadShapes|WECC_EV_Flat|2009,,,,,,,,,,,,,,,,,,,,,,,,,,,,,,,,,,,,,,,,,TRUE,FUEL,1,,,,,,,,,,,,,OP,,2018,,,,,,,,,,,,,,,,,,,,,,,,,,,,,,,,,,TRUE
121,WECC_PublicServiceNM,HDV,FALSE,HDV35,WECC_PublicServiceNM_HDV,na,0,yr_WECC_PublicServiceNM_capacity_HDV35,yr_WECC_PublicServiceNM_capacity_HDV35,E3_NR,627.0,FUEL,FUEL,FUEL,FUEL,FUEL,FUEL,FUEL,FUEL,FUEL,0,FUEL,0,1/1/2017,12/31/2054,FUEL,,,FUEL,0,0,,FUEL,FUEL,,FUEL,,hr_ElecLoadShapes|WECC_EV_Flat|2009,,,,,,,,,,,,,,,,,,,,,,,,,,,,,,,,,,,,,,,,,TRUE,FUEL,1,,,,,,,,,,,,,OP,,2018,,,,,,,,,,,,,,,,,,,,,,,,,,,,,,,,,,TRUE
122,WECC_SaltRiverProject,HDV,FALSE,HDV36,WECC_SaltRiverProject_HDV,na,0,yr_WECC_SaltRiverProject_capacity_HDV36,yr_WECC_SaltRiverProject_capacity_HDV36,E3_NR,625.0,FUEL,FUEL,FUEL,FUEL,FUEL,FUEL,FUEL,FUEL,FUEL,0,FUEL,0,1/1/2017,12/31/2054,FUEL,,,FUEL,0,0,,FUEL,FUEL,,FUEL,,hr_ElecLoadShapes|WECC_EV_Flat|2009,,,,,,,,,,,,,,,,,,,,,,,,,,,,,,,,,,,,,,,,,TRUE,FUEL,1,,,,,,,,,,,,,OP,,2018,,,,,,,,,,,,,,,,,,,,,,,,,,,,,,,,,,TRUE
123,WECC_TucsonElectric,HDV,FALSE,HDV37,WECC_TucsonElectric_HDV,na,0,yr_WECC_TucsonElectric_capacity_HDV37,yr_WECC_TucsonElectric_capacity_HDV37,E3_NR,626.0,FUEL,FUEL,FUEL,FUEL,FUEL,FUEL,FUEL,FUEL,FUEL,0,FUEL,0,1/1/2017,12/31/2054,FUEL,,,FUEL,0,0,,FUEL,FUEL,,FUEL,,hr_ElecLoadShapes|WECC_EV_Flat|2009,,,,,,,,,,,,,,,,,,,,,,,,,,,,,,,,,,,,,,,,,TRUE,FUEL,1,,,,,,,,,,,,,OP,,2018,,,,,,,,,,,,,,,,,,,,,,,,,,,,,,,,,,TRUE
124,WECC_VEA,HDV,FALSE,HDV38,WECC_VEA_HDV,na,0,yr_WECC_VEA_capacity_HDV38,yr_WECC_VEA_capacity_HDV38,E3_NR,622.0,FUEL,FUEL,FUEL,FUEL,FUEL,FUEL,FUEL,FUEL,FUEL,0,FUEL,0,1/1/2017,12/31/2054,FUEL,,,FUEL,0,0,,FUEL,FUEL,,FUEL,,hr_ElecLoadShapes|WECC_EV_Flat|2009,,,,,,,,,,,,,,,,,,,,,,,,,,,,,,,,,,,,,,,,,TRUE,FUEL,1,,,,,,,,,,,,,OP,,2018,,,,,,,,,,,,,,,,,,,,,,,,,,,,,,,,,,TRUE
125,WECC_WAPA_CO,HDV,FALSE,HDV39,WECC_WAPA_CO_HDV,na,0,yr_WECC_WAPA_CO_capacity_HDV39,yr_WECC_WAPA_CO_capacity_HDV39,E3_NR,618.0,FUEL,FUEL,FUEL,FUEL,FUEL,FUEL,FUEL,FUEL,FUEL,0,FUEL,0,1/1/2017,12/31/2054,FUEL,,,FUEL,0,0,,FUEL,FUEL,,FUEL,,hr_ElecLoadShapes|WECC_EV_Flat|2009,,,,,,,,,,,,,,,,,,,,,,,,,,,,,,,,,,,,,,,,,TRUE,FUEL,1,,,,,,,,,,,,,OP,,2018,,,,,,,,,,,,,,,,,,,,,,,,,,,,,,,,,,TRUE
126,WECC_WAPA_LwrCO,HDV,FALSE,HDV40,WECC_WAPA_LwrCO_HDV,na,0,yr_WECC_WAPA_LwrCO_capacity_HDV40,yr_WECC_WAPA_LwrCO_capacity_HDV40,E3_NR,620.0,FUEL,FUEL,FUEL,FUEL,FUEL,FUEL,FUEL,FUEL,FUEL,0,FUEL,0,1/1/2017,12/31/2054,FUEL,,,FUEL,0,0,,FUEL,FUEL,,FUEL,,hr_ElecLoadShapes|WECC_EV_Flat|2009,,,,,,,,,,,,,,,,,,,,,,,,,,,,,,,,,,,,,,,,,TRUE,FUEL,1,,,,,,,,,,,,,OP,,2018,,,,,,,,,,,,,,,,,,,,,,,,,,,,,,,,,,TRUE
127,WECC_WAPA_UprMO,HDV,FALSE,HDV41,WECC_WAPA_UprMO_HDV,na,0,yr_WECC_WAPA_UprMO_capacity_HDV41,yr_WECC_WAPA_UprMO_capacity_HDV41,E3_NR,621.0,FUEL,FUEL,FUEL,FUEL,FUEL,FUEL,FUEL,FUEL,FUEL,0,FUEL,0,1/1/2017,12/31/2054,FUEL,,,FUEL,0,0,,FUEL,FUEL,,FUEL,,hr_ElecLoadShapes|WECC_EV_Flat|2009,,,,,,,,,,,,,,,,,,,,,,,,,,,,,,,,,,,,,,,,,TRUE,FUEL,1,,,,,,,,,,,,,OP,,2018,,,,,,,,,,,,,,,,,,,,,,,,,,,,,,,,,,TRUE
128,WECC_WAPA_WY,HDV,FALSE,HDV42,WECC_WAPA_WY_HDV,na,0,yr_WECC_WAPA_WY_capacity_HDV42,yr_WECC_WAPA_WY_capacity_HDV42,E3_NR,619.0,FUEL,FUEL,FUEL,FUEL,FUEL,FUEL,FUEL,FUEL,FUEL,0,FUEL,0,1/1/2017,12/31/2054,FUEL,,,FUEL,0,0,,FUEL,FUEL,,FUEL,,hr_ElecLoadShapes|WECC_EV_Flat|2009,,,,,,,,,,,,,,,,,,,,,,,,,,,,,,,,,,,,,,,,,TRUE,FUEL,1,,,,,,,,,,,,,OP,,2018,,,,,,,,,,,,,,,,,,,,,,,,,,,,,,,,,,TRUE
129,WECC_AZPublicService,LDVU,FALSE,LDVU0,WECC_AZPublicService_LDVU,na,0,yr_WECC_AZPublicService_capacity_LDVU0,yr_WECC_AZPublicService_capacity_LDVU0,E3_NR,624.0,FUEL,FUEL,FUEL,FUEL,FUEL,FUEL,FUEL,FUEL,FUEL,0,FUEL,0,1/1/2017,12/31/2054,FUEL,,,FUEL,0,0,,FUEL,FUEL,,FUEL,,hr_ElecLoadShapes|WECC_EV_LDVChar|2009,,,,,,,,,,,,,,,,,,,,,,,,,,,,,,,,,,,,,,,,,TRUE,FUEL,1,,,,,,,,,,,,,OP,,2018,,,,,,,,,,,,,,,,,,,,,,,,,,,,,,,,,,TRUE
130,WECC_CA_BANC,LDVU,FALSE,LDVU1,WECC_CA_BANC_LDVU,na,0,yr_WECC_CA_BANC_capacity_LDVU1,yr_WECC_CA_BANC_capacity_LDVU1,E3_NR,83.0,FUEL,FUEL,FUEL,FUEL,FUEL,FUEL,FUEL,FUEL,FUEL,0,FUEL,0,1/1/2017,12/31/2054,FUEL,,,FUEL,0,0,,FUEL,FUEL,,FUEL,,hr_ElecLoadShapes|WECC_EV_LDVChar|2009,,,,,,,,,,,,,,,,,,,,,,,,,,,,,,,,,,,,,,,,,TRUE,FUEL,1,,,,,,,,,,,,,OP,,2018,,,,,,,,,,,,,,,,,,,,,,,,,,,,,,,,,,TRUE
131,WECC_CA_IID,LDVU,FALSE,LDVU2,WECC_CA_IID_LDVU,na,0,yr_WECC_CA_IID_capacity_LDVU2,yr_WECC_CA_IID_capacity_LDVU2,E3_NR,78.0,FUEL,FUEL,FUEL,FUEL,FUEL,FUEL,FUEL,FUEL,FUEL,0,FUEL,0,1/1/2017,12/31/2054,FUEL,,,FUEL,0,0,,FUEL,FUEL,,FUEL,,hr_ElecLoadShapes|WECC_EV_LDVChar|2009,,,,,,,,,,,,,,,,,,,,,,,,,,,,,,,,,,,,,,,,,TRUE,FUEL,1,,,,,,,,,,,,,OP,,2018,,,,,,,,,,,,,,,,,,,,,,,,,,,,,,,,,,TRUE
132,WECC_CA_LDWP,LDVU,FALSE,LDVU3,WECC_CA_LDWP_LDVU,na,0,yr_WECC_CA_LDWP_capacity_LDVU3,yr_WECC_CA_LDWP_capacity_LDVU3,E3_NR,79.0,FUEL,FUEL,FUEL,FUEL,FUEL,FUEL,FUEL,FUEL,FUEL,0,FUEL,0,1/1/2017,12/31/2054,FUEL,,,FUEL,0,0,,FUEL,FUEL,,FUEL,,hr_ElecLoadShapes|WECC_EV_LDVChar|2009,,,,,,,,,,,,,,,,,,,,,,,,,,,,,,,,,,,,,,,,,TRUE,FUEL,1,,,,,,,,,,,,,OP,,2018,,,,,,,,,,,,,,,,,,,,,,,,,,,,,,,,,,TRUE
133,WECC_CA_PGandE_BayArea,LDVU,FALSE,LDVU4,WECC_CA_PGandE_BayArea_LDVU,na,0,yr_WECC_CA_PGandE_BayArea_capacity_LDVU4,yr_WECC_CA_PGandE_BayArea_capacity_LDVU4,E3_NR,80.0,FUEL,FUEL,FUEL,FUEL,FUEL,FUEL,FUEL,FUEL,FUEL,0,FUEL,0,1/1/2017,12/31/2054,FUEL,,,FUEL,0,0,,FUEL,FUEL,,FUEL,,hr_ElecLoadShapes|WECC_EV_LDVChar|2009,,,,,,,,,,,,,,,,,,,,,,,,,,,,,,,,,,,,,,,,,TRUE,FUEL,1,,,,,,,,,,,,,OP,,2018,,,,,,,,,,,,,,,,,,,,,,,,,,,,,,,,,,TRUE
134,WECC_CA_PGandE_North,LDVU,FALSE,LDVU5,WECC_CA_PGandE_North_LDVU,na,0,yr_WECC_CA_PGandE_North_capacity_LDVU5,yr_WECC_CA_PGandE_North_capacity_LDVU5,E3_NR,45.0,FUEL,FUEL,FUEL,FUEL,FUEL,FUEL,FUEL,FUEL,FUEL,0,FUEL,0,1/1/2017,12/31/2054,FUEL,,,FUEL,0,0,,FUEL,FUEL,,FUEL,,hr_ElecLoadShapes|WECC_EV_LDVChar|2009,,,,,,,,,,,,,,,,,,,,,,,,,,,,,,,,,,,,,,,,,TRUE,FUEL,1,,,,,,,,,,,,,OP,,2018,,,,,,,,,,,,,,,,,,,,,,,,,,,,,,,,,,TRUE
135,WECC_CA_PGandE_ZP26,LDVU,FALSE,LDVU6,WECC_CA_PGandE_ZP26_LDVU,na,0,yr_WECC_CA_PGandE_ZP26_capacity_LDVU6,yr_WECC_CA_PGandE_ZP26_capacity_LDVU6,E3_NR,81.0,FUEL,FUEL,FUEL,FUEL,FUEL,FUEL,FUEL,FUEL,FUEL,0,FUEL,0,1/1/2017,12/31/2054,FUEL,,,FUEL,0,0,,FUEL,FUEL,,FUEL,,hr_ElecLoadShapes|WECC_EV_LDVChar|2009,,,,,,,,,,,,,,,,,,,,,,,,,,,,,,,,,,,,,,,,,TRUE,FUEL,1,,,,,,,,,,,,,OP,,2018,,,,,,,,,,,,,,,,,,,,,,,,,,,,,,,,,,TRUE
136,WECC_CA_SCE,LDVU,FALSE,LDVU7,WECC_CA_SCE_LDVU,na,0,yr_WECC_CA_SCE_capacity_LDVU7,yr_WECC_CA_SCE_capacity_LDVU7,E3_NR,46.0,FUEL,FUEL,FUEL,FUEL,FUEL,FUEL,FUEL,FUEL,FUEL,0,FUEL,0,1/1/2017,12/31/2054,FUEL,,,FUEL,0,0,,FUEL,FUEL,,FUEL,,hr_ElecLoadShapes|WECC_EV_LDVChar|2009,,,,,,,,,,,,,,,,,,,,,,,,,,,,,,,,,,,,,,,,,TRUE,FUEL,1,,,,,,,,,,,,,OP,,2018,,,,,,,,,,,,,,,,,,,,,,,,,,,,,,,,,,TRUE
137,WECC_CA_SDGE,LDVU,FALSE,LDVU8,WECC_CA_SDGE_LDVU,na,0,yr_WECC_CA_SDGE_capacity_LDVU8,yr_WECC_CA_SDGE_capacity_LDVU8,E3_NR,82.0,FUEL,FUEL,FUEL,FUEL,FUEL,FUEL,FUEL,FUEL,FUEL,0,FUEL,0,1/1/2017,12/31/2054,FUEL,,,FUEL,0,0,,FUEL,FUEL,,FUEL,,hr_ElecLoadShapes|WECC_EV_LDVChar|2009,,,,,,,,,,,,,,,,,,,,,,,,,,,,,,,,,,,,,,,,,TRUE,FUEL,1,,,,,,,,,,,,,OP,,2018,,,,,,,,,,,,,,,,,,,,,,,,,,,,,,,,,,TRUE
138,WECC_CA_TIDC,LDVU,FALSE,LDVU9,WECC_CA_TIDC_LDVU,na,0,yr_WECC_CA_TIDC_capacity_LDVU9,yr_WECC_CA_TIDC_capacity_LDVU9,E3_NR,600.0,FUEL,FUEL,FUEL,FUEL,FUEL,FUEL,FUEL,FUEL,FUEL,0,FUEL,0,1/1/2017,12/31/2054,FUEL,,,FUEL,0,0,,FUEL,FUEL,,FUEL,,hr_ElecLoadShapes|WECC_EV_LDVChar|2009,,,,,,,,,,,,,,,,,,,,,,,,,,,,,,,,,,,,,,,,,TRUE,FUEL,1,,,,,,,,,,,,,OP,,2018,,,,,,,,,,,,,,,,,,,,,,,,,,,,,,,,,,TRUE
139,WECC_ElPasoElectric,LDVU,FALSE,LDVU10,WECC_ElPasoElectric_LDVU,na,0,yr_WECC_ElPasoElectric_capacity_LDVU10,yr_WECC_ElPasoElectric_capacity_LDVU10,E3_NR,628.0,FUEL,FUEL,FUEL,FUEL,FUEL,FUEL,FUEL,FUEL,FUEL,0,FUEL,0,1/1/2017,12/31/2054,FUEL,,,FUEL,0,0,,FUEL,FUEL,,FUEL,,hr_ElecLoadShapes|WECC_EV_LDVChar|2009,,,,,,,,,,,,,,,,,,,,,,,,,,,,,,,,,,,,,,,,,TRUE,FUEL,1,,,,,,,,,,,,,OP,,2018,,,,,,,,,,,,,,,,,,,,,,,,,,,,,,,,,,TRUE
140,WECC_NevadaNorth,LDVU,FALSE,LDVU11,WECC_NevadaNorth_LDVU,na,0,yr_WECC_NevadaNorth_capacity_LDVU11,yr_WECC_NevadaNorth_capacity_LDVU11,E3_NR,55.0,FUEL,FUEL,FUEL,FUEL,FUEL,FUEL,FUEL,FUEL,FUEL,0,FUEL,0,1/1/2017,12/31/2054,FUEL,,,FUEL,0,0,,FUEL,FUEL,,FUEL,,hr_ElecLoadShapes|WECC_EV_LDVChar|2009,,,,,,,,,,,,,,,,,,,,,,,,,,,,,,,,,,,,,,,,,TRUE,FUEL,1,,,,,,,,,,,,,OP,,2018,,,,,,,,,,,,,,,,,,,,,,,,,,,,,,,,,,TRUE
141,WECC_NevadaSouth,LDVU,FALSE,LDVU12,WECC_NevadaSouth_LDVU,na,0,yr_WECC_NevadaSouth_capacity_LDVU12,yr_WECC_NevadaSouth_capacity_LDVU12,E3_NR,60.0,FUEL,FUEL,FUEL,FUEL,FUEL,FUEL,FUEL,FUEL,FUEL,0,FUEL,0,1/1/2017,12/31/2054,FUEL,,,FUEL,0,0,,FUEL,FUEL,,FUEL,,hr_ElecLoadShapes|WECC_EV_LDVChar|2009,,,,,,,,,,,,,,,,,,,,,,,,,,,,,,,,,,,,,,,,,TRUE,FUEL,1,,,,,,,,,,,,,OP,,2018,,,,,,,,,,,,,,,,,,,,,,,,,,,,,,,,,,TRUE
142,WECC_NorthwesternMT,LDVU,FALSE,LDVU13,WECC_NorthwesternMT_LDVU,na,0,yr_WECC_NorthwesternMT_capacity_LDVU13,yr_WECC_NorthwesternMT_capacity_LDVU13,E3_NR,617.0,FUEL,FUEL,FUEL,FUEL,FUEL,FUEL,FUEL,FUEL,FUEL,0,FUEL,0,1/1/2017,12/31/2054,FUEL,,,FUEL,0,0,,FUEL,FUEL,,FUEL,,hr_ElecLoadShapes|WECC_EV_LDVChar|2009,,,,,,,,,,,,,,,,,,,,,,,,,,,,,,,,,,,,,,,,,TRUE,FUEL,1,,,,,,,,,,,,,OP,,2018,,,,,,,,,,,,,,,,,,,,,,,,,,,,,,,,,,TRUE
143,WECC_PNW_Avista,LDVU,FALSE,LDVU14,WECC_PNW_Avista_LDVU,na,0,yr_WECC_PNW_Avista_capacity_LDVU14,yr_WECC_PNW_Avista_capacity_LDVU14,E3_NR,607.0,FUEL,FUEL,FUEL,FUEL,FUEL,FUEL,FUEL,FUEL,FUEL,0,FUEL,0,1/1/2017,12/31/2054,FUEL,,,FUEL,0,0,,FUEL,FUEL,,FUEL,,hr_ElecLoadShapes|WECC_EV_LDVChar|2009,,,,,,,,,,,,,,,,,,,,,,,,,,,,,,,,,,,,,,,,,TRUE,FUEL,1,,,,,,,,,,,,,OP,,2018,,,,,,,,,,,,,,,,,,,,,,,,,,,,,,,,,,TRUE
144,WECC_PNW_Bonneville_IDMT,LDVU,FALSE,LDVU15,WECC_PNW_Bonneville_IDMT_LDVU,na,0,yr_WECC_PNW_Bonneville_IDMT_capacity_LDVU15,yr_WECC_PNW_Bonneville_IDMT_capacity_LDVU15,E3_NR,611.0,FUEL,FUEL,FUEL,FUEL,FUEL,FUEL,FUEL,FUEL,FUEL,0,FUEL,0,1/1/2017,12/31/2054,FUEL,,,FUEL,0,0,,FUEL,FUEL,,FUEL,,hr_ElecLoadShapes|WECC_EV_LDVChar|2009,,,,,,,,,,,,,,,,,,,,,,,,,,,,,,,,,,,,,,,,,TRUE,FUEL,1,,,,,,,,,,,,,OP,,2018,,,,,,,,,,,,,,,,,,,,,,,,,,,,,,,,,,TRUE
145,WECC_PNW_Bonneville_OR,LDVU,FALSE,LDVU16,WECC_PNW_Bonneville_OR_LDVU,na,0,yr_WECC_PNW_Bonneville_OR_capacity_LDVU16,yr_WECC_PNW_Bonneville_OR_capacity_LDVU16,E3_NR,609.0,FUEL,FUEL,FUEL,FUEL,FUEL,FUEL,FUEL,FUEL,FUEL,0,FUEL,0,1/1/2017,12/31/2054,FUEL,,,FUEL,0,0,,FUEL,FUEL,,FUEL,,hr_ElecLoadShapes|WECC_EV_LDVChar|2009,,,,,,,,,,,,,,,,,,,,,,,,,,,,,,,,,,,,,,,,,TRUE,FUEL,1,,,,,,,,,,,,,OP,,2018,,,,,,,,,,,,,,,,,,,,,,,,,,,,,,,,,,TRUE
146,WECC_PNW_Bonneville_WA,LDVU,FALSE,LDVU17,WECC_PNW_Bonneville_WA_LDVU,na,0,yr_WECC_PNW_Bonneville_WA_capacity_LDVU17,yr_WECC_PNW_Bonneville_WA_capacity_LDVU17,E3_NR,610.0,FUEL,FUEL,FUEL,FUEL,FUEL,FUEL,FUEL,FUEL,FUEL,0,FUEL,0,1/1/2017,12/31/2054,FUEL,,,FUEL,0,0,,FUEL,FUEL,,FUEL,,hr_ElecLoadShapes|WECC_EV_LDVChar|2009,,,,,,,,,,,,,,,,,,,,,,,,,,,,,,,,,,,,,,,,,TRUE,FUEL,1,,,,,,,,,,,,,OP,,2018,,,,,,,,,,,,,,,,,,,,,,,,,,,,,,,,,,TRUE
147,WECC_PNW_ChelanCountyPUD,LDVU,FALSE,LDVU18,WECC_PNW_ChelanCountyPUD_LDVU,na,0,yr_WECC_PNW_ChelanCountyPUD_capacity_LDVU18,yr_WECC_PNW_ChelanCountyPUD_capacity_LDVU18,E3_NR,605.0,FUEL,FUEL,FUEL,FUEL,FUEL,FUEL,FUEL,FUEL,FUEL,0,FUEL,0,1/1/2017,12/31/2054,FUEL,,,FUEL,0,0,,FUEL,FUEL,,FUEL,,hr_ElecLoadShapes|WECC_EV_LDVChar|2009,,,,,,,,,,,,,,,,,,,,,,,,,,,,,,,,,,,,,,,,,TRUE,FUEL,1,,,,,,,,,,,,,OP,,2018,,,,,,,,,,,,,,,,,,,,,,,,,,,,,,,,,,TRUE
148,WECC_PNW_DouglasCountyPUD,LDVU,FALSE,LDVU19,WECC_PNW_DouglasCountyPUD_LDVU,na,0,yr_WECC_PNW_DouglasCountyPUD_capacity_LDVU19,yr_WECC_PNW_DouglasCountyPUD_capacity_LDVU19,E3_NR,606.0,FUEL,FUEL,FUEL,FUEL,FUEL,FUEL,FUEL,FUEL,FUEL,0,FUEL,0,1/1/2017,12/31/2054,FUEL,,,FUEL,0,0,,FUEL,FUEL,,FUEL,,hr_ElecLoadShapes|WECC_EV_LDVChar|2009,,,,,,,,,,,,,,,,,,,,,,,,,,,,,,,,,,,,,,,,,TRUE,FUEL,1,,,,,,,,,,,,,OP,,2018,,,,,,,,,,,,,,,,,,,,,,,,,,,,,,,,,,TRUE
149,WECC_PNW_GrantCountyPUD,LDVU,FALSE,LDVU20,WECC_PNW_GrantCountyPUD_LDVU,na,0,yr_WECC_PNW_GrantCountyPUD_capacity_LDVU20,yr_WECC_PNW_GrantCountyPUD_capacity_LDVU20,E3_NR,604.0,FUEL,FUEL,FUEL,FUEL,FUEL,FUEL,FUEL,FUEL,FUEL,0,FUEL,0,1/1/2017,12/31/2054,FUEL,,,FUEL,0,0,,FUEL,FUEL,,FUEL,,hr_ElecLoadShapes|WECC_EV_LDVChar|2009,,,,,,,,,,,,,,,,,,,,,,,,,,,,,,,,,,,,,,,,,TRUE,FUEL,1,,,,,,,,,,,,,OP,,2018,,,,,,,,,,,,,,,,,,,,,,,,,,,,,,,,,,TRUE
150,WECC_PNW_IdahoPowerFE,LDVU,FALSE,LDVU21,WECC_PNW_IdahoPowerFE_LDVU,na,0,yr_WECC_PNW_IdahoPowerFE_capacity_LDVU21,yr_WECC_PNW_IdahoPowerFE_capacity_LDVU21,E3_NR,614.0,FUEL,FUEL,FUEL,FUEL,FUEL,FUEL,FUEL,FUEL,FUEL,0,FUEL,0,1/1/2017,12/31/2054,FUEL,,,FUEL,0,0,,FUEL,FUEL,,FUEL,,hr_ElecLoadShapes|WECC_EV_LDVChar|2009,,,,,,,,,,,,,,,,,,,,,,,,,,,,,,,,,,,,,,,,,TRUE,FUEL,1,,,,,,,,,,,,,OP,,2018,,,,,,,,,,,,,,,,,,,,,,,,,,,,,,,,,,TRUE
151,WECC_PNW_IdahoPowerMV,LDVU,FALSE,LDVU22,WECC_PNW_IdahoPowerMV_LDVU,na,0,yr_WECC_PNW_IdahoPowerMV_capacity_LDVU22,yr_WECC_PNW_IdahoPowerMV_capacity_LDVU22,E3_NR,613.0,FUEL,FUEL,FUEL,FUEL,FUEL,FUEL,FUEL,FUEL,FUEL,0,FUEL,0,1/1/2017,12/31/2054,FUEL,,,FUEL,0,0,,FUEL,FUEL,,FUEL,,hr_ElecLoadShapes|WECC_EV_LDVChar|2009,,,,,,,,,,,,,,,,,,,,,,,,,,,,,,,,,,,,,,,,,TRUE,FUEL,1,,,,,,,,,,,,,OP,,2018,,,,,,,,,,,,,,,,,,,,,,,,,,,,,,,,,,TRUE
152,WECC_PNW_IdahoPowerTV,LDVU,FALSE,LDVU23,WECC_PNW_IdahoPowerTV_LDVU,na,0,yr_WECC_PNW_IdahoPowerTV_capacity_LDVU23,yr_WECC_PNW_IdahoPowerTV_capacity_LDVU23,E3_NR,612.0,FUEL,FUEL,FUEL,FUEL,FUEL,FUEL,FUEL,FUEL,FUEL,0,FUEL,0,1/1/2017,12/31/2054,FUEL,,,FUEL,0,0,,FUEL,FUEL,,FUEL,,hr_ElecLoadShapes|WECC_EV_LDVChar|2009,,,,,,,,,,,,,,,,,,,,,,,,,,,,,,,,,,,,,,,,,TRUE,FUEL,1,,,,,,,,,,,,,OP,,2018,,,,,,,,,,,,,,,,,,,,,,,,,,,,,,,,,,TRUE
153,WECC_PNW_Olympia,LDVU,FALSE,LDVU24,WECC_PNW_Olympia_LDVU,na,0,yr_WECC_PNW_Olympia_capacity_LDVU24,yr_WECC_PNW_Olympia_capacity_LDVU24,E3_NR,93.0,FUEL,FUEL,FUEL,FUEL,FUEL,FUEL,FUEL,FUEL,FUEL,0,FUEL,0,1/1/2017,12/31/2054,FUEL,,,FUEL,0,0,,FUEL,FUEL,,FUEL,,hr_ElecLoadShapes|WECC_EV_LDVChar|2009,,,,,,,,,,,,,,,,,,,,,,,,,,,,,,,,,,,,,,,,,TRUE,FUEL,1,,,,,,,,,,,,,OP,,2018,,,,,,,,,,,,,,,,,,,,,,,,,,,,,,,,,,TRUE
154,WECC_PNW_PacificorpEastID,LDVU,FALSE,LDVU25,WECC_PNW_PacificorpEastID_LDVU,na,0,yr_WECC_PNW_PacificorpEastID_capacity_LDVU25,yr_WECC_PNW_PacificorpEastID_capacity_LDVU25,E3_NR,615.0,FUEL,FUEL,FUEL,FUEL,FUEL,FUEL,FUEL,FUEL,FUEL,0,FUEL,0,1/1/2017,12/31/2054,FUEL,,,FUEL,0,0,,FUEL,FUEL,,FUEL,,hr_ElecLoadShapes|WECC_EV_LDVChar|2009,,,,,,,,,,,,,,,,,,,,,,,,,,,,,,,,,,,,,,,,,TRUE,FUEL,1,,,,,,,,,,,,,OP,,2018,,,,,,,,,,,,,,,,,,,,,,,,,,,,,,,,,,TRUE
155,WECC_PNW_PacificorpEastUT,LDVU,FALSE,LDVU26,WECC_PNW_PacificorpEastUT_LDVU,na,0,yr_WECC_PNW_PacificorpEastUT_capacity_LDVU26,yr_WECC_PNW_PacificorpEastUT_capacity_LDVU26,E3_NR,54.0,FUEL,FUEL,FUEL,FUEL,FUEL,FUEL,FUEL,FUEL,FUEL,0,FUEL,0,1/1/2017,12/31/2054,FUEL,,,FUEL,0,0,,FUEL,FUEL,,FUEL,,hr_ElecLoadShapes|WECC_EV_LDVChar|2009,,,,,,,,,,,,,,,,,,,,,,,,,,,,,,,,,,,,,,,,,TRUE,FUEL,1,,,,,,,,,,,,,OP,,2018,,,,,,,,,,,,,,,,,,,,,,,,,,,,,,,,,,TRUE
156,WECC_PNW_PacificorpEastWY,LDVU,FALSE,LDVU27,WECC_PNW_PacificorpEastWY_LDVU,na,0,yr_WECC_PNW_PacificorpEastWY_capacity_LDVU27,yr_WECC_PNW_PacificorpEastWY_capacity_LDVU27,E3_NR,616.0,FUEL,FUEL,FUEL,FUEL,FUEL,FUEL,FUEL,FUEL,FUEL,0,FUEL,0,1/1/2017,12/31/2054,FUEL,,,FUEL,0,0,,FUEL,FUEL,,FUEL,,hr_ElecLoadShapes|WECC_EV_LDVChar|2009,,,,,,,,,,,,,,,,,,,,,,,,,,,,,,,,,,,,,,,,,TRUE,FUEL,1,,,,,,,,,,,,,OP,,2018,,,,,,,,,,,,,,,,,,,,,,,,,,,,,,,,,,TRUE
157,WECC_PNW_PACWSouth,LDVU,FALSE,LDVU28,WECC_PNW_PACWSouth_LDVU,na,0,yr_WECC_PNW_PACWSouth_capacity_LDVU28,yr_WECC_PNW_PACWSouth_capacity_LDVU28,E3_NR,94.0,FUEL,FUEL,FUEL,FUEL,FUEL,FUEL,FUEL,FUEL,FUEL,0,FUEL,0,1/1/2017,12/31/2054,FUEL,,,FUEL,0,0,,FUEL,FUEL,,FUEL,,hr_ElecLoadShapes|WECC_EV_LDVChar|2009,,,,,,,,,,,,,,,,,,,,,,,,,,,,,,,,,,,,,,,,,TRUE,FUEL,1,,,,,,,,,,,,,OP,,2018,,,,,,,,,,,,,,,,,,,,,,,,,,,,,,,,,,TRUE
158,WECC_PNW_PortlandGeneral,LDVU,FALSE,LDVU29,WECC_PNW_PortlandGeneral_LDVU,na,0,yr_WECC_PNW_PortlandGeneral_capacity_LDVU29,yr_WECC_PNW_PortlandGeneral_capacity_LDVU29,E3_NR,608.0,FUEL,FUEL,FUEL,FUEL,FUEL,FUEL,FUEL,FUEL,FUEL,0,FUEL,0,1/1/2017,12/31/2054,FUEL,,,FUEL,0,0,,FUEL,FUEL,,FUEL,,hr_ElecLoadShapes|WECC_EV_LDVChar|2009,,,,,,,,,,,,,,,,,,,,,,,,,,,,,,,,,,,,,,,,,TRUE,FUEL,1,,,,,,,,,,,,,OP,,2018,,,,,,,,,,,,,,,,,,,,,,,,,,,,,,,,,,TRUE
159,WECC_PNW_PugetSoundCentral,LDVU,FALSE,LDVU30,WECC_PNW_PugetSoundCentral_LDVU,na,0,yr_WECC_PNW_PugetSoundCentral_capacity_LDVU30,yr_WECC_PNW_PugetSoundCentral_capacity_LDVU30,E3_NR,601.0,FUEL,FUEL,FUEL,FUEL,FUEL,FUEL,FUEL,FUEL,FUEL,0,FUEL,0,1/1/2017,12/31/2054,FUEL,,,FUEL,0,0,,FUEL,FUEL,,FUEL,,hr_ElecLoadShapes|WECC_EV_LDVChar|2009,,,,,,,,,,,,,,,,,,,,,,,,,,,,,,,,,,,,,,,,,TRUE,FUEL,1,,,,,,,,,,,,,OP,,2018,,,,,,,,,,,,,,,,,,,,,,,,,,,,,,,,,,TRUE
160,WECC_PNW_PugetSoundNorth,LDVU,FALSE,LDVU31,WECC_PNW_PugetSoundNorth_LDVU,na,0,yr_WECC_PNW_PugetSoundNorth_capacity_LDVU31,yr_WECC_PNW_PugetSoundNorth_capacity_LDVU31,E3_NR,95.0,FUEL,FUEL,FUEL,FUEL,FUEL,FUEL,FUEL,FUEL,FUEL,0,FUEL,0,1/1/2017,12/31/2054,FUEL,,,FUEL,0,0,,FUEL,FUEL,,FUEL,,hr_ElecLoadShapes|WECC_EV_LDVChar|2009,,,,,,,,,,,,,,,,,,,,,,,,,,,,,,,,,,,,,,,,,TRUE,FUEL,1,,,,,,,,,,,,,OP,,2018,,,,,,,,,,,,,,,,,,,,,,,,,,,,,,,,,,TRUE
161,WECC_PNW_SeattleCL,LDVU,FALSE,LDVU32,WECC_PNW_SeattleCL_LDVU,na,0,yr_WECC_PNW_SeattleCL_capacity_LDVU32,yr_WECC_PNW_SeattleCL_capacity_LDVU32,E3_NR,602.0,FUEL,FUEL,FUEL,FUEL,FUEL,FUEL,FUEL,FUEL,FUEL,0,FUEL,0,1/1/2017,12/31/2054,FUEL,,,FUEL,0,0,,FUEL,FUEL,,FUEL,,hr_ElecLoadShapes|WECC_EV_LDVChar|2009,,,,,,,,,,,,,,,,,,,,,,,,,,,,,,,,,,,,,,,,,TRUE,FUEL,1,,,,,,,,,,,,,OP,,2018,,,,,,,,,,,,,,,,,,,,,,,,,,,,,,,,,,TRUE
162,WECC_PNW_TacomaPower,LDVU,FALSE,LDVU33,WECC_PNW_TacomaPower_LDVU,na,0,yr_WECC_PNW_TacomaPower_capacity_LDVU33,yr_WECC_PNW_TacomaPower_capacity_LDVU33,E3_NR,603.0,FUEL,FUEL,FUEL,FUEL,FUEL,FUEL,FUEL,FUEL,FUEL,0,FUEL,0,1/1/2017,12/31/2054,FUEL,,,FUEL,0,0,,FUEL,FUEL,,FUEL,,hr_ElecLoadShapes|WECC_EV_LDVChar|2009,,,,,,,,,,,,,,,,,,,,,,,,,,,,,,,,,,,,,,,,,TRUE,FUEL,1,,,,,,,,,,,,,OP,,2018,,,,,,,,,,,,,,,,,,,,,,,,,,,,,,,,,,TRUE
163,WECC_PublicServiceCO,LDVU,FALSE,LDVU34,WECC_PublicServiceCO_LDVU,na,0,yr_WECC_PublicServiceCO_capacity_LDVU34,yr_WECC_PublicServiceCO_capacity_LDVU34,E3_NR,623.0,FUEL,FUEL,FUEL,FUEL,FUEL,FUEL,FUEL,FUEL,FUEL,0,FUEL,0,1/1/2017,12/31/2054,FUEL,,,FUEL,0,0,,FUEL,FUEL,,FUEL,,hr_ElecLoadShapes|WECC_EV_LDVChar|2009,,,,,,,,,,,,,,,,,,,,,,,,,,,,,,,,,,,,,,,,,TRUE,FUEL,1,,,,,,,,,,,,,OP,,2018,,,,,,,,,,,,,,,,,,,,,,,,,,,,,,,,,,TRUE
164,WECC_PublicServiceNM,LDVU,FALSE,LDVU35,WECC_PublicServiceNM_LDVU,na,0,yr_WECC_PublicServiceNM_capacity_LDVU35,yr_WECC_PublicServiceNM_capacity_LDVU35,E3_NR,627.0,FUEL,FUEL,FUEL,FUEL,FUEL,FUEL,FUEL,FUEL,FUEL,0,FUEL,0,1/1/2017,12/31/2054,FUEL,,,FUEL,0,0,,FUEL,FUEL,,FUEL,,hr_ElecLoadShapes|WECC_EV_LDVChar|2009,,,,,,,,,,,,,,,,,,,,,,,,,,,,,,,,,,,,,,,,,TRUE,FUEL,1,,,,,,,,,,,,,OP,,2018,,,,,,,,,,,,,,,,,,,,,,,,,,,,,,,,,,TRUE
165,WECC_SaltRiverProject,LDVU,FALSE,LDVU36,WECC_SaltRiverProject_LDVU,na,0,yr_WECC_SaltRiverProject_capacity_LDVU36,yr_WECC_SaltRiverProject_capacity_LDVU36,E3_NR,625.0,FUEL,FUEL,FUEL,FUEL,FUEL,FUEL,FUEL,FUEL,FUEL,0,FUEL,0,1/1/2017,12/31/2054,FUEL,,,FUEL,0,0,,FUEL,FUEL,,FUEL,,hr_ElecLoadShapes|WECC_EV_LDVChar|2009,,,,,,,,,,,,,,,,,,,,,,,,,,,,,,,,,,,,,,,,,TRUE,FUEL,1,,,,,,,,,,,,,OP,,2018,,,,,,,,,,,,,,,,,,,,,,,,,,,,,,,,,,TRUE
166,WECC_TucsonElectric,LDVU,FALSE,LDVU37,WECC_TucsonElectric_LDVU,na,0,yr_WECC_TucsonElectric_capacity_LDVU37,yr_WECC_TucsonElectric_capacity_LDVU37,E3_NR,626.0,FUEL,FUEL,FUEL,FUEL,FUEL,FUEL,FUEL,FUEL,FUEL,0,FUEL,0,1/1/2017,12/31/2054,FUEL,,,FUEL,0,0,,FUEL,FUEL,,FUEL,,hr_ElecLoadShapes|WECC_EV_LDVChar|2009,,,,,,,,,,,,,,,,,,,,,,,,,,,,,,,,,,,,,,,,,TRUE,FUEL,1,,,,,,,,,,,,,OP,,2018,,,,,,,,,,,,,,,,,,,,,,,,,,,,,,,,,,TRUE
167,WECC_VEA,LDVU,FALSE,LDVU38,WECC_VEA_LDVU,na,0,yr_WECC_VEA_capacity_LDVU38,yr_WECC_VEA_capacity_LDVU38,E3_NR,622.0,FUEL,FUEL,FUEL,FUEL,FUEL,FUEL,FUEL,FUEL,FUEL,0,FUEL,0,1/1/2017,12/31/2054,FUEL,,,FUEL,0,0,,FUEL,FUEL,,FUEL,,hr_ElecLoadShapes|WECC_EV_LDVChar|2009,,,,,,,,,,,,,,,,,,,,,,,,,,,,,,,,,,,,,,,,,TRUE,FUEL,1,,,,,,,,,,,,,OP,,2018,,,,,,,,,,,,,,,,,,,,,,,,,,,,,,,,,,TRUE
168,WECC_WAPA_CO,LDVU,FALSE,LDVU39,WECC_WAPA_CO_LDVU,na,0,yr_WECC_WAPA_CO_capacity_LDVU39,yr_WECC_WAPA_CO_capacity_LDVU39,E3_NR,618.0,FUEL,FUEL,FUEL,FUEL,FUEL,FUEL,FUEL,FUEL,FUEL,0,FUEL,0,1/1/2017,12/31/2054,FUEL,,,FUEL,0,0,,FUEL,FUEL,,FUEL,,hr_ElecLoadShapes|WECC_EV_LDVChar|2009,,,,,,,,,,,,,,,,,,,,,,,,,,,,,,,,,,,,,,,,,TRUE,FUEL,1,,,,,,,,,,,,,OP,,2018,,,,,,,,,,,,,,,,,,,,,,,,,,,,,,,,,,TRUE
169,WECC_WAPA_LwrCO,LDVU,FALSE,LDVU40,WECC_WAPA_LwrCO_LDVU,na,0,yr_WECC_WAPA_LwrCO_capacity_LDVU40,yr_WECC_WAPA_LwrCO_capacity_LDVU40,E3_NR,620.0,FUEL,FUEL,FUEL,FUEL,FUEL,FUEL,FUEL,FUEL,FUEL,0,FUEL,0,1/1/2017,12/31/2054,FUEL,,,FUEL,0,0,,FUEL,FUEL,,FUEL,,hr_ElecLoadShapes|WECC_EV_LDVChar|2009,,,,,,,,,,,,,,,,,,,,,,,,,,,,,,,,,,,,,,,,,TRUE,FUEL,1,,,,,,,,,,,,,OP,,2018,,,,,,,,,,,,,,,,,,,,,,,,,,,,,,,,,,TRUE
170,WECC_WAPA_UprMO,LDVU,FALSE,LDVU41,WECC_WAPA_UprMO_LDVU,na,0,yr_WECC_WAPA_UprMO_capacity_LDVU41,yr_WECC_WAPA_UprMO_capacity_LDVU41,E3_NR,621.0,FUEL,FUEL,FUEL,FUEL,FUEL,FUEL,FUEL,FUEL,FUEL,0,FUEL,0,1/1/2017,12/31/2054,FUEL,,,FUEL,0,0,,FUEL,FUEL,,FUEL,,hr_ElecLoadShapes|WECC_EV_LDVChar|2009,,,,,,,,,,,,,,,,,,,,,,,,,,,,,,,,,,,,,,,,,TRUE,FUEL,1,,,,,,,,,,,,,OP,,2018,,,,,,,,,,,,,,,,,,,,,,,,,,,,,,,,,,TRUE
171,WECC_WAPA_WY,LDVU,FALSE,LDVU42,WECC_WAPA_WY_LDVU,na,0,yr_WECC_WAPA_WY_capacity_LDVU42,yr_WECC_WAPA_WY_capacity_LDVU42,E3_NR,619.0,FUEL,FUEL,FUEL,FUEL,FUEL,FUEL,FUEL,FUEL,FUEL,0,FUEL,0,1/1/2017,12/31/2054,FUEL,,,FUEL,0,0,,FUEL,FUEL,,FUEL,,hr_ElecLoadShapes|WECC_EV_LDVChar|2009,,,,,,,,,,,,,,,,,,,,,,,,,,,,,,,,,,,,,,,,,TRUE,FUEL,1,,,,,,,,,,,,,OP,,2018,,,,,,,,,,,,,,,,,,,,,,,,,,,,,,,,,,TRUE
172,WECC_AZPublicService,LDVM,FALSE,LDVM0,WECC_AZPublicService_LDVM,na,0,yr_WECC_AZPublicService_capacity_LDVM0,yr_WECC_AZPublicService_capacity_LDVM0,PS,624.0,FUEL,FUEL,FUEL,FUEL,FUEL,FUEL,FUEL,FUEL,FUEL,0,FUEL,0,1/1/2017,12/31/2054,FUEL,,,FUEL,0,0,,FUEL,FUEL,,FUEL,,,Demand,hr_ElecLoadShapes|WECC_EV_LDVUse|2009,yr_WECC_AZPublicService_capacity_LDVM0,yr_WECC_AZPublicService_max_storage_LDVM_storage0,0.5,,,,,,,,,,,,,,,,,,,,,,,,,,,,,,,,,,,,TRUE,FUEL,-1,,,,,,,,,,,,,OP,,2018,,,,,,,,,,,,,,,,,,,,,,,,,,,,,,,,,EV_MNGLDV,
173,WECC_CA_BANC,LDVM,FALSE,LDVM1,WECC_CA_BANC_LDVM,na,0,yr_WECC_CA_BANC_capacity_LDVM1,yr_WECC_CA_BANC_capacity_LDVM1,PS,83.0,FUEL,FUEL,FUEL,FUEL,FUEL,FUEL,FUEL,FUEL,FUEL,0,FUEL,0,1/1/2017,12/31/2054,FUEL,,,FUEL,0,0,,FUEL,FUEL,,FUEL,,,Demand,hr_ElecLoadShapes|WECC_EV_LDVUse|2009,yr_WECC_CA_BANC_capacity_LDVM1,yr_WECC_CA_BANC_max_storage_LDVM_storage1,0.5,,,,,,,,,,,,,,,,,,,,,,,,,,,,,,,,,,,,TRUE,FUEL,-1,,,,,,,,,,,,,OP,,2018,,,,,,,,,,,,,,,,,,,,,,,,,,,,,,,,,EV_MNGLDV,
174,WECC_CA_IID,LDVM,FALSE,LDVM2,WECC_CA_IID_LDVM,na,0,yr_WECC_CA_IID_capacity_LDVM2,yr_WECC_CA_IID_capacity_LDVM2,PS,78.0,FUEL,FUEL,FUEL,FUEL,FUEL,FUEL,FUEL,FUEL,FUEL,0,FUEL,0,1/1/2017,12/31/2054,FUEL,,,FUEL,0,0,,FUEL,FUEL,,FUEL,,,Demand,hr_ElecLoadShapes|WECC_EV_LDVUse|2009,yr_WECC_CA_IID_capacity_LDVM2,yr_WECC_CA_IID_max_storage_LDVM_storage2,0.5,,,,,,,,,,,,,,,,,,,,,,,,,,,,,,,,,,,,TRUE,FUEL,-1,,,,,,,,,,,,,OP,,2018,,,,,,,,,,,,,,,,,,,,,,,,,,,,,,,,,EV_MNGLDV,
175,WECC_CA_LDWP,LDVM,FALSE,LDVM3,WECC_CA_LDWP_LDVM,na,0,yr_WECC_CA_LDWP_capacity_LDVM3,yr_WECC_CA_LDWP_capacity_LDVM3,PS,79.0,FUEL,FUEL,FUEL,FUEL,FUEL,FUEL,FUEL,FUEL,FUEL,0,FUEL,0,1/1/2017,12/31/2054,FUEL,,,FUEL,0,0,,FUEL,FUEL,,FUEL,,,Demand,hr_ElecLoadShapes|WECC_EV_LDVUse|2009,yr_WECC_CA_LDWP_capacity_LDVM3,yr_WECC_CA_LDWP_max_storage_LDVM_storage3,0.5,,,,,,,,,,,,,,,,,,,,,,,,,,,,,,,,,,,,TRUE,FUEL,-1,,,,,,,,,,,,,OP,,2018,,,,,,,,,,,,,,,,,,,,,,,,,,,,,,,,,EV_MNGLDV,
176,WECC_CA_PGandE_BayArea,LDVM,FALSE,LDVM4,WECC_CA_PGandE_BayArea_LDVM,na,0,yr_WECC_CA_PGandE_BayArea_capacity_LDVM4,yr_WECC_CA_PGandE_BayArea_capacity_LDVM4,PS,80.0,FUEL,FUEL,FUEL,FUEL,FUEL,FUEL,FUEL,FUEL,FUEL,0,FUEL,0,1/1/2017,12/31/2054,FUEL,,,FUEL,0,0,,FUEL,FUEL,,FUEL,,,Demand,hr_ElecLoadShapes|WECC_EV_LDVUse|2009,yr_WECC_CA_PGandE_BayArea_capacity_LDVM4,yr_WECC_CA_PGandE_BayArea_max_storage_LDVM_storage4,0.5,,,,,,,,,,,,,,,,,,,,,,,,,,,,,,,,,,,,TRUE,FUEL,-1,,,,,,,,,,,,,OP,,2018,,,,,,,,,,,,,,,,,,,,,,,,,,,,,,,,,EV_MNGLDV,
177,WECC_CA_PGandE_North,LDVM,FALSE,LDVM5,WECC_CA_PGandE_North_LDVM,na,0,yr_WECC_CA_PGandE_North_capacity_LDVM5,yr_WECC_CA_PGandE_North_capacity_LDVM5,PS,45.0,FUEL,FUEL,FUEL,FUEL,FUEL,FUEL,FUEL,FUEL,FUEL,0,FUEL,0,1/1/2017,12/31/2054,FUEL,,,FUEL,0,0,,FUEL,FUEL,,FUEL,,,Demand,hr_ElecLoadShapes|WECC_EV_LDVUse|2009,yr_WECC_CA_PGandE_North_capacity_LDVM5,yr_WECC_CA_PGandE_North_max_storage_LDVM_storage5,0.5,,,,,,,,,,,,,,,,,,,,,,,,,,,,,,,,,,,,TRUE,FUEL,-1,,,,,,,,,,,,,OP,,2018,,,,,,,,,,,,,,,,,,,,,,,,,,,,,,,,,EV_MNGLDV,
178,WECC_CA_PGandE_ZP26,LDVM,FALSE,LDVM6,WECC_CA_PGandE_ZP26_LDVM,na,0,yr_WECC_CA_PGandE_ZP26_capacity_LDVM6,yr_WECC_CA_PGandE_ZP26_capacity_LDVM6,PS,81.0,FUEL,FUEL,FUEL,FUEL,FUEL,FUEL,FUEL,FUEL,FUEL,0,FUEL,0,1/1/2017,12/31/2054,FUEL,,,FUEL,0,0,,FUEL,FUEL,,FUEL,,,Demand,hr_ElecLoadShapes|WECC_EV_LDVUse|2009,yr_WECC_CA_PGandE_ZP26_capacity_LDVM6,yr_WECC_CA_PGandE_ZP26_max_storage_LDVM_storage6,0.5,,,,,,,,,,,,,,,,,,,,,,,,,,,,,,,,,,,,TRUE,FUEL,-1,,,,,,,,,,,,,OP,,2018,,,,,,,,,,,,,,,,,,,,,,,,,,,,,,,,,EV_MNGLDV,
179,WECC_CA_SCE,LDVM,FALSE,LDVM7,WECC_CA_SCE_LDVM,na,0,yr_WECC_CA_SCE_capacity_LDVM7,yr_WECC_CA_SCE_capacity_LDVM7,PS,46.0,FUEL,FUEL,FUEL,FUEL,FUEL,FUEL,FUEL,FUEL,FUEL,0,FUEL,0,1/1/2017,12/31/2054,FUEL,,,FUEL,0,0,,FUEL,FUEL,,FUEL,,,Demand,hr_ElecLoadShapes|WECC_EV_LDVUse|2009,yr_WECC_CA_SCE_capacity_LDVM7,yr_WECC_CA_SCE_max_storage_LDVM_storage7,0.5,,,,,,,,,,,,,,,,,,,,,,,,,,,,,,,,,,,,TRUE,FUEL,-1,,,,,,,,,,,,,OP,,2018,,,,,,,,,,,,,,,,,,,,,,,,,,,,,,,,,EV_MNGLDV,
180,WECC_CA_SDGE,LDVM,FALSE,LDVM8,WECC_CA_SDGE_LDVM,na,0,yr_WECC_CA_SDGE_capacity_LDVM8,yr_WECC_CA_SDGE_capacity_LDVM8,PS,82.0,FUEL,FUEL,FUEL,FUEL,FUEL,FUEL,FUEL,FUEL,FUEL,0,FUEL,0,1/1/2017,12/31/2054,FUEL,,,FUEL,0,0,,FUEL,FUEL,,FUEL,,,Demand,hr_ElecLoadShapes|WECC_EV_LDVUse|2009,yr_WECC_CA_SDGE_capacity_LDVM8,yr_WECC_CA_SDGE_max_storage_LDVM_storage8,0.5,,,,,,,,,,,,,,,,,,,,,,,,,,,,,,,,,,,,TRUE,FUEL,-1,,,,,,,,,,,,,OP,,2018,,,,,,,,,,,,,,,,,,,,,,,,,,,,,,,,,EV_MNGLDV,
181,WECC_CA_TIDC,LDVM,FALSE,LDVM9,WECC_CA_TIDC_LDVM,na,0,yr_WECC_CA_TIDC_capacity_LDVM9,yr_WECC_CA_TIDC_capacity_LDVM9,PS,600.0,FUEL,FUEL,FUEL,FUEL,FUEL,FUEL,FUEL,FUEL,FUEL,0,FUEL,0,1/1/2017,12/31/2054,FUEL,,,FUEL,0,0,,FUEL,FUEL,,FUEL,,,Demand,hr_ElecLoadShapes|WECC_EV_LDVUse|2009,yr_WECC_CA_TIDC_capacity_LDVM9,yr_WECC_CA_TIDC_max_storage_LDVM_storage9,0.5,,,,,,,,,,,,,,,,,,,,,,,,,,,,,,,,,,,,TRUE,FUEL,-1,,,,,,,,,,,,,OP,,2018,,,,,,,,,,,,,,,,,,,,,,,,,,,,,,,,,EV_MNGLDV,
182,WECC_ElPasoElectric,LDVM,FALSE,LDVM10,WECC_ElPasoElectric_LDVM,na,0,yr_WECC_ElPasoElectric_capacity_LDVM10,yr_WECC_ElPasoElectric_capacity_LDVM10,PS,628.0,FUEL,FUEL,FUEL,FUEL,FUEL,FUEL,FUEL,FUEL,FUEL,0,FUEL,0,1/1/2017,12/31/2054,FUEL,,,FUEL,0,0,,FUEL,FUEL,,FUEL,,,Demand,hr_ElecLoadShapes|WECC_EV_LDVUse|2009,yr_WECC_ElPasoElectric_capacity_LDVM10,yr_WECC_ElPasoElectric_max_storage_LDVM_storage10,0.5,,,,,,,,,,,,,,,,,,,,,,,,,,,,,,,,,,,,TRUE,FUEL,-1,,,,,,,,,,,,,OP,,2018,,,,,,,,,,,,,,,,,,,,,,,,,,,,,,,,,EV_MNGLDV,
183,WECC_NevadaNorth,LDVM,FALSE,LDVM11,WECC_NevadaNorth_LDVM,na,0,yr_WECC_NevadaNorth_capacity_LDVM11,yr_WECC_NevadaNorth_capacity_LDVM11,PS,55.0,FUEL,FUEL,FUEL,FUEL,FUEL,FUEL,FUEL,FUEL,FUEL,0,FUEL,0,1/1/2017,12/31/2054,FUEL,,,FUEL,0,0,,FUEL,FUEL,,FUEL,,,Demand,hr_ElecLoadShapes|WECC_EV_LDVUse|2009,yr_WECC_NevadaNorth_capacity_LDVM11,yr_WECC_NevadaNorth_max_storage_LDVM_storage11,0.5,,,,,,,,,,,,,,,,,,,,,,,,,,,,,,,,,,,,TRUE,FUEL,-1,,,,,,,,,,,,,OP,,2018,,,,,,,,,,,,,,,,,,,,,,,,,,,,,,,,,EV_MNGLDV,
184,WECC_NevadaSouth,LDVM,FALSE,LDVM12,WECC_NevadaSouth_LDVM,na,0,yr_WECC_NevadaSouth_capacity_LDVM12,yr_WECC_NevadaSouth_capacity_LDVM12,PS,60.0,FUEL,FUEL,FUEL,FUEL,FUEL,FUEL,FUEL,FUEL,FUEL,0,FUEL,0,1/1/2017,12/31/2054,FUEL,,,FUEL,0,0,,FUEL,FUEL,,FUEL,,,Demand,hr_ElecLoadShapes|WECC_EV_LDVUse|2009,yr_WECC_NevadaSouth_capacity_LDVM12,yr_WECC_NevadaSouth_max_storage_LDVM_storage12,0.5,,,,,,,,,,,,,,,,,,,,,,,,,,,,,,,,,,,,TRUE,FUEL,-1,,,,,,,,,,,,,OP,,2018,,,,,,,,,,,,,,,,,,,,,,,,,,,,,,,,,EV_MNGLDV,
185,WECC_NorthwesternMT,LDVM,FALSE,LDVM13,WECC_NorthwesternMT_LDVM,na,0,yr_WECC_NorthwesternMT_capacity_LDVM13,yr_WECC_NorthwesternMT_capacity_LDVM13,PS,617.0,FUEL,FUEL,FUEL,FUEL,FUEL,FUEL,FUEL,FUEL,FUEL,0,FUEL,0,1/1/2017,12/31/2054,FUEL,,,FUEL,0,0,,FUEL,FUEL,,FUEL,,,Demand,hr_ElecLoadShapes|WECC_EV_LDVUse|2009,yr_WECC_NorthwesternMT_capacity_LDVM13,yr_WECC_NorthwesternMT_max_storage_LDVM_storage13,0.5,,,,,,,,,,,,,,,,,,,,,,,,,,,,,,,,,,,,TRUE,FUEL,-1,,,,,,,,,,,,,OP,,2018,,,,,,,,,,,,,,,,,,,,,,,,,,,,,,,,,EV_MNGLDV,
186,WECC_PNW_Avista,LDVM,FALSE,LDVM14,WECC_PNW_Avista_LDVM,na,0,yr_WECC_PNW_Avista_capacity_LDVM14,yr_WECC_PNW_Avista_capacity_LDVM14,PS,607.0,FUEL,FUEL,FUEL,FUEL,FUEL,FUEL,FUEL,FUEL,FUEL,0,FUEL,0,1/1/2017,12/31/2054,FUEL,,,FUEL,0,0,,FUEL,FUEL,,FUEL,,,Demand,hr_ElecLoadShapes|WECC_EV_LDVUse|2009,yr_WECC_PNW_Avista_capacity_LDVM14,yr_WECC_PNW_Avista_max_storage_LDVM_storage14,0.5,,,,,,,,,,,,,,,,,,,,,,,,,,,,,,,,,,,,TRUE,FUEL,-1,,,,,,,,,,,,,OP,,2018,,,,,,,,,,,,,,,,,,,,,,,,,,,,,,,,,EV_MNGLDV,
187,WECC_PNW_Bonneville_IDMT,LDVM,FALSE,LDVM15,WECC_PNW_Bonneville_IDMT_LDVM,na,0,yr_WECC_PNW_Bonneville_IDMT_capacity_LDVM15,yr_WECC_PNW_Bonneville_IDMT_capacity_LDVM15,PS,611.0,FUEL,FUEL,FUEL,FUEL,FUEL,FUEL,FUEL,FUEL,FUEL,0,FUEL,0,1/1/2017,12/31/2054,FUEL,,,FUEL,0,0,,FUEL,FUEL,,FUEL,,,Demand,hr_ElecLoadShapes|WECC_EV_LDVUse|2009,yr_WECC_PNW_Bonneville_IDMT_capacity_LDVM15,yr_WECC_PNW_Bonneville_IDMT_max_storage_LDVM_storage15,0.5,,,,,,,,,,,,,,,,,,,,,,,,,,,,,,,,,,,,TRUE,FUEL,-1,,,,,,,,,,,,,OP,,2018,,,,,,,,,,,,,,,,,,,,,,,,,,,,,,,,,EV_MNGLDV,
188,WECC_PNW_Bonneville_OR,LDVM,FALSE,LDVM16,WECC_PNW_Bonneville_OR_LDVM,na,0,yr_WECC_PNW_Bonneville_OR_capacity_LDVM16,yr_WECC_PNW_Bonneville_OR_capacity_LDVM16,PS,609.0,FUEL,FUEL,FUEL,FUEL,FUEL,FUEL,FUEL,FUEL,FUEL,0,FUEL,0,1/1/2017,12/31/2054,FUEL,,,FUEL,0,0,,FUEL,FUEL,,FUEL,,,Demand,hr_ElecLoadShapes|WECC_EV_LDVUse|2009,yr_WECC_PNW_Bonneville_OR_capacity_LDVM16,yr_WECC_PNW_Bonneville_OR_max_storage_LDVM_storage16,0.5,,,,,,,,,,,,,,,,,,,,,,,,,,,,,,,,,,,,TRUE,FUEL,-1,,,,,,,,,,,,,OP,,2018,,,,,,,,,,,,,,,,,,,,,,,,,,,,,,,,,EV_MNGLDV,
189,WECC_PNW_Bonneville_WA,LDVM,FALSE,LDVM17,WECC_PNW_Bonneville_WA_LDVM,na,0,yr_WECC_PNW_Bonneville_WA_capacity_LDVM17,yr_WECC_PNW_Bonneville_WA_capacity_LDVM17,PS,610.0,FUEL,FUEL,FUEL,FUEL,FUEL,FUEL,FUEL,FUEL,FUEL,0,FUEL,0,1/1/2017,12/31/2054,FUEL,,,FUEL,0,0,,FUEL,FUEL,,FUEL,,,Demand,hr_ElecLoadShapes|WECC_EV_LDVUse|2009,yr_WECC_PNW_Bonneville_WA_capacity_LDVM17,yr_WECC_PNW_Bonneville_WA_max_storage_LDVM_storage17,0.5,,,,,,,,,,,,,,,,,,,,,,,,,,,,,,,,,,,,TRUE,FUEL,-1,,,,,,,,,,,,,OP,,2018,,,,,,,,,,,,,,,,,,,,,,,,,,,,,,,,,EV_MNGLDV,
190,WECC_PNW_ChelanCountyPUD,LDVM,FALSE,LDVM18,WECC_PNW_ChelanCountyPUD_LDVM,na,0,yr_WECC_PNW_ChelanCountyPUD_capacity_LDVM18,yr_WECC_PNW_ChelanCountyPUD_capacity_LDVM18,PS,605.0,FUEL,FUEL,FUEL,FUEL,FUEL,FUEL,FUEL,FUEL,FUEL,0,FUEL,0,1/1/2017,12/31/2054,FUEL,,,FUEL,0,0,,FUEL,FUEL,,FUEL,,,Demand,hr_ElecLoadShapes|WECC_EV_LDVUse|2009,yr_WECC_PNW_ChelanCountyPUD_capacity_LDVM18,yr_WECC_PNW_ChelanCountyPUD_max_storage_LDVM_storage18,0.5,,,,,,,,,,,,,,,,,,,,,,,,,,,,,,,,,,,,TRUE,FUEL,-1,,,,,,,,,,,,,OP,,2018,,,,,,,,,,,,,,,,,,,,,,,,,,,,,,,,,EV_MNGLDV,
191,WECC_PNW_DouglasCountyPUD,LDVM,FALSE,LDVM19,WECC_PNW_DouglasCountyPUD_LDVM,na,0,yr_WECC_PNW_DouglasCountyPUD_capacity_LDVM19,yr_WECC_PNW_DouglasCountyPUD_capacity_LDVM19,PS,606.0,FUEL,FUEL,FUEL,FUEL,FUEL,FUEL,FUEL,FUEL,FUEL,0,FUEL,0,1/1/2017,12/31/2054,FUEL,,,FUEL,0,0,,FUEL,FUEL,,FUEL,,,Demand,hr_ElecLoadShapes|WECC_EV_LDVUse|2009,yr_WECC_PNW_DouglasCountyPUD_capacity_LDVM19,yr_WECC_PNW_DouglasCountyPUD_max_storage_LDVM_storage19,0.5,,,,,,,,,,,,,,,,,,,,,,,,,,,,,,,,,,,,TRUE,FUEL,-1,,,,,,,,,,,,,OP,,2018,,,,,,,,,,,,,,,,,,,,,,,,,,,,,,,,,EV_MNGLDV,
192,WECC_PNW_GrantCountyPUD,LDVM,FALSE,LDVM20,WECC_PNW_GrantCountyPUD_LDVM,na,0,yr_WECC_PNW_GrantCountyPUD_capacity_LDVM20,yr_WECC_PNW_GrantCountyPUD_capacity_LDVM20,PS,604.0,FUEL,FUEL,FUEL,FUEL,FUEL,FUEL,FUEL,FUEL,FUEL,0,FUEL,0,1/1/2017,12/31/2054,FUEL,,,FUEL,0,0,,FUEL,FUEL,,FUEL,,,Demand,hr_ElecLoadShapes|WECC_EV_LDVUse|2009,yr_WECC_PNW_GrantCountyPUD_capacity_LDVM20,yr_WECC_PNW_GrantCountyPUD_max_storage_LDVM_storage20,0.5,,,,,,,,,,,,,,,,,,,,,,,,,,,,,,,,,,,,TRUE,FUEL,-1,,,,,,,,,,,,,OP,,2018,,,,,,,,,,,,,,,,,,,,,,,,,,,,,,,,,EV_MNGLDV,
193,WECC_PNW_IdahoPowerFE,LDVM,FALSE,LDVM21,WECC_PNW_IdahoPowerFE_LDVM,na,0,yr_WECC_PNW_IdahoPowerFE_capacity_LDVM21,yr_WECC_PNW_IdahoPowerFE_capacity_LDVM21,PS,614.0,FUEL,FUEL,FUEL,FUEL,FUEL,FUEL,FUEL,FUEL,FUEL,0,FUEL,0,1/1/2017,12/31/2054,FUEL,,,FUEL,0,0,,FUEL,FUEL,,FUEL,,,Demand,hr_ElecLoadShapes|WECC_EV_LDVUse|2009,yr_WECC_PNW_IdahoPowerFE_capacity_LDVM21,yr_WECC_PNW_IdahoPowerFE_max_storage_LDVM_storage21,0.5,,,,,,,,,,,,,,,,,,,,,,,,,,,,,,,,,,,,TRUE,FUEL,-1,,,,,,,,,,,,,OP,,2018,,,,,,,,,,,,,,,,,,,,,,,,,,,,,,,,,EV_MNGLDV,
194,WECC_PNW_IdahoPowerMV,LDVM,FALSE,LDVM22,WECC_PNW_IdahoPowerMV_LDVM,na,0,yr_WECC_PNW_IdahoPowerMV_capacity_LDVM22,yr_WECC_PNW_IdahoPowerMV_capacity_LDVM22,PS,613.0,FUEL,FUEL,FUEL,FUEL,FUEL,FUEL,FUEL,FUEL,FUEL,0,FUEL,0,1/1/2017,12/31/2054,FUEL,,,FUEL,0,0,,FUEL,FUEL,,FUEL,,,Demand,hr_ElecLoadShapes|WECC_EV_LDVUse|2009,yr_WECC_PNW_IdahoPowerMV_capacity_LDVM22,yr_WECC_PNW_IdahoPowerMV_max_storage_LDVM_storage22,0.5,,,,,,,,,,,,,,,,,,,,,,,,,,,,,,,,,,,,TRUE,FUEL,-1,,,,,,,,,,,,,OP,,2018,,,,,,,,,,,,,,,,,,,,,,,,,,,,,,,,,EV_MNGLDV,
195,WECC_PNW_IdahoPowerTV,LDVM,FALSE,LDVM23,WECC_PNW_IdahoPowerTV_LDVM,na,0,yr_WECC_PNW_IdahoPowerTV_capacity_LDVM23,yr_WECC_PNW_IdahoPowerTV_capacity_LDVM23,PS,612.0,FUEL,FUEL,FUEL,FUEL,FUEL,FUEL,FUEL,FUEL,FUEL,0,FUEL,0,1/1/2017,12/31/2054,FUEL,,,FUEL,0,0,,FUEL,FUEL,,FUEL,,,Demand,hr_ElecLoadShapes|WECC_EV_LDVUse|2009,yr_WECC_PNW_IdahoPowerTV_capacity_LDVM23,yr_WECC_PNW_IdahoPowerTV_max_storage_LDVM_storage23,0.5,,,,,,,,,,,,,,,,,,,,,,,,,,,,,,,,,,,,TRUE,FUEL,-1,,,,,,,,,,,,,OP,,2018,,,,,,,,,,,,,,,,,,,,,,,,,,,,,,,,,EV_MNGLDV,
196,WECC_PNW_Olympia,LDVM,FALSE,LDVM24,WECC_PNW_Olympia_LDVM,na,0,yr_WECC_PNW_Olympia_capacity_LDVM24,yr_WECC_PNW_Olympia_capacity_LDVM24,PS,93.0,FUEL,FUEL,FUEL,FUEL,FUEL,FUEL,FUEL,FUEL,FUEL,0,FUEL,0,1/1/2017,12/31/2054,FUEL,,,FUEL,0,0,,FUEL,FUEL,,FUEL,,,Demand,hr_ElecLoadShapes|WECC_EV_LDVUse|2009,yr_WECC_PNW_Olympia_capacity_LDVM24,yr_WECC_PNW_Olympia_max_storage_LDVM_storage24,0.5,,,,,,,,,,,,,,,,,,,,,,,,,,,,,,,,,,,,TRUE,FUEL,-1,,,,,,,,,,,,,OP,,2018,,,,,,,,,,,,,,,,,,,,,,,,,,,,,,,,,EV_MNGLDV,
197,WECC_PNW_PacificorpEastID,LDVM,FALSE,LDVM25,WECC_PNW_PacificorpEastID_LDVM,na,0,yr_WECC_PNW_PacificorpEastID_capacity_LDVM25,yr_WECC_PNW_PacificorpEastID_capacity_LDVM25,PS,615.0,FUEL,FUEL,FUEL,FUEL,FUEL,FUEL,FUEL,FUEL,FUEL,0,FUEL,0,1/1/2017,12/31/2054,FUEL,,,FUEL,0,0,,FUEL,FUEL,,FUEL,,,Demand,hr_ElecLoadShapes|WECC_EV_LDVUse|2009,yr_WECC_PNW_PacificorpEastID_capacity_LDVM25,yr_WECC_PNW_PacificorpEastID_max_storage_LDVM_storage25,0.5,,,,,,,,,,,,,,,,,,,,,,,,,,,,,,,,,,,,TRUE,FUEL,-1,,,,,,,,,,,,,OP,,2018,,,,,,,,,,,,,,,,,,,,,,,,,,,,,,,,,EV_MNGLDV,
198,WECC_PNW_PacificorpEastUT,LDVM,FALSE,LDVM26,WECC_PNW_PacificorpEastUT_LDVM,na,0,yr_WECC_PNW_PacificorpEastUT_capacity_LDVM26,yr_WECC_PNW_PacificorpEastUT_capacity_LDVM26,PS,54.0,FUEL,FUEL,FUEL,FUEL,FUEL,FUEL,FUEL,FUEL,FUEL,0,FUEL,0,1/1/2017,12/31/2054,FUEL,,,FUEL,0,0,,FUEL,FUEL,,FUEL,,,Demand,hr_ElecLoadShapes|WECC_EV_LDVUse|2009,yr_WECC_PNW_PacificorpEastUT_capacity_LDVM26,yr_WECC_PNW_PacificorpEastUT_max_storage_LDVM_storage26,0.5,,,,,,,,,,,,,,,,,,,,,,,,,,,,,,,,,,,,TRUE,FUEL,-1,,,,,,,,,,,,,OP,,2018,,,,,,,,,,,,,,,,,,,,,,,,,,,,,,,,,EV_MNGLDV,
199,WECC_PNW_PacificorpEastWY,LDVM,FALSE,LDVM27,WECC_PNW_PacificorpEastWY_LDVM,na,0,yr_WECC_PNW_PacificorpEastWY_capacity_LDVM27,yr_WECC_PNW_PacificorpEastWY_capacity_LDVM27,PS,616.0,FUEL,FUEL,FUEL,FUEL,FUEL,FUEL,FUEL,FUEL,FUEL,0,FUEL,0,1/1/2017,12/31/2054,FUEL,,,FUEL,0,0,,FUEL,FUEL,,FUEL,,,Demand,hr_ElecLoadShapes|WECC_EV_LDVUse|2009,yr_WECC_PNW_PacificorpEastWY_capacity_LDVM27,yr_WECC_PNW_PacificorpEastWY_max_storage_LDVM_storage27,0.5,,,,,,,,,,,,,,,,,,,,,,,,,,,,,,,,,,,,TRUE,FUEL,-1,,,,,,,,,,,,,OP,,2018,,,,,,,,,,,,,,,,,,,,,,,,,,,,,,,,,EV_MNGLDV,
200,WECC_PNW_PACWSouth,LDVM,FALSE,LDVM28,WECC_PNW_PACWSouth_LDVM,na,0,yr_WECC_PNW_PACWSouth_capacity_LDVM28,yr_WECC_PNW_PACWSouth_capacity_LDVM28,PS,94.0,FUEL,FUEL,FUEL,FUEL,FUEL,FUEL,FUEL,FUEL,FUEL,0,FUEL,0,1/1/2017,12/31/2054,FUEL,,,FUEL,0,0,,FUEL,FUEL,,FUEL,,,Demand,hr_ElecLoadShapes|WECC_EV_LDVUse|2009,yr_WECC_PNW_PACWSouth_capacity_LDVM28,yr_WECC_PNW_PACWSouth_max_storage_LDVM_storage28,0.5,,,,,,,,,,,,,,,,,,,,,,,,,,,,,,,,,,,,TRUE,FUEL,-1,,,,,,,,,,,,,OP,,2018,,,,,,,,,,,,,,,,,,,,,,,,,,,,,,,,,EV_MNGLDV,
201,WECC_PNW_PortlandGeneral,LDVM,FALSE,LDVM29,WECC_PNW_PortlandGeneral_LDVM,na,0,yr_WECC_PNW_PortlandGeneral_capacity_LDVM29,yr_WECC_PNW_PortlandGeneral_capacity_LDVM29,PS,608.0,FUEL,FUEL,FUEL,FUEL,FUEL,FUEL,FUEL,FUEL,FUEL,0,FUEL,0,1/1/2017,12/31/2054,FUEL,,,FUEL,0,0,,FUEL,FUEL,,FUEL,,,Demand,hr_ElecLoadShapes|WECC_EV_LDVUse|2009,yr_WECC_PNW_PortlandGeneral_capacity_LDVM29,yr_WECC_PNW_PortlandGeneral_max_storage_LDVM_storage29,0.5,,,,,,,,,,,,,,,,,,,,,,,,,,,,,,,,,,,,TRUE,FUEL,-1,,,,,,,,,,,,,OP,,2018,,,,,,,,,,,,,,,,,,,,,,,,,,,,,,,,,EV_MNGLDV,
202,WECC_PNW_PugetSoundCentral,LDVM,FALSE,LDVM30,WECC_PNW_PugetSoundCentral_LDVM,na,0,yr_WECC_PNW_PugetSoundCentral_capacity_LDVM30,yr_WECC_PNW_PugetSoundCentral_capacity_LDVM30,PS,601.0,FUEL,FUEL,FUEL,FUEL,FUEL,FUEL,FUEL,FUEL,FUEL,0,FUEL,0,1/1/2017,12/31/2054,FUEL,,,FUEL,0,0,,FUEL,FUEL,,FUEL,,,Demand,hr_ElecLoadShapes|WECC_EV_LDVUse|2009,yr_WECC_PNW_PugetSoundCentral_capacity_LDVM30,yr_WECC_PNW_PugetSoundCentral_max_storage_LDVM_storage30,0.5,,,,,,,,,,,,,,,,,,,,,,,,,,,,,,,,,,,,TRUE,FUEL,-1,,,,,,,,,,,,,OP,,2018,,,,,,,,,,,,,,,,,,,,,,,,,,,,,,,,,EV_MNGLDV,
203,WECC_PNW_PugetSoundNorth,LDVM,FALSE,LDVM31,WECC_PNW_PugetSoundNorth_LDVM,na,0,yr_WECC_PNW_PugetSoundNorth_capacity_LDVM31,yr_WECC_PNW_PugetSoundNorth_capacity_LDVM31,PS,95.0,FUEL,FUEL,FUEL,FUEL,FUEL,FUEL,FUEL,FUEL,FUEL,0,FUEL,0,1/1/2017,12/31/2054,FUEL,,,FUEL,0,0,,FUEL,FUEL,,FUEL,,,Demand,hr_ElecLoadShapes|WECC_EV_LDVUse|2009,yr_WECC_PNW_PugetSoundNorth_capacity_LDVM31,yr_WECC_PNW_PugetSoundNorth_max_storage_LDVM_storage31,0.5,,,,,,,,,,,,,,,,,,,,,,,,,,,,,,,,,,,,TRUE,FUEL,-1,,,,,,,,,,,,,OP,,2018,,,,,,,,,,,,,,,,,,,,,,,,,,,,,,,,,EV_MNGLDV,
204,WECC_PNW_SeattleCL,LDVM,FALSE,LDVM32,WECC_PNW_SeattleCL_LDVM,na,0,yr_WECC_PNW_SeattleCL_capacity_LDVM32,yr_WECC_PNW_SeattleCL_capacity_LDVM32,PS,602.0,FUEL,FUEL,FUEL,FUEL,FUEL,FUEL,FUEL,FUEL,FUEL,0,FUEL,0,1/1/2017,12/31/2054,FUEL,,,FUEL,0,0,,FUEL,FUEL,,FUEL,,,Demand,hr_ElecLoadShapes|WECC_EV_LDVUse|2009,yr_WECC_PNW_SeattleCL_capacity_LDVM32,yr_WECC_PNW_SeattleCL_max_storage_LDVM_storage32,0.5,,,,,,,,,,,,,,,,,,,,,,,,,,,,,,,,,,,,TRUE,FUEL,-1,,,,,,,,,,,,,OP,,2018,,,,,,,,,,,,,,,,,,,,,,,,,,,,,,,,,EV_MNGLDV,
205,WECC_PNW_TacomaPower,LDVM,FALSE,LDVM33,WECC_PNW_TacomaPower_LDVM,na,0,yr_WECC_PNW_TacomaPower_capacity_LDVM33,yr_WECC_PNW_TacomaPower_capacity_LDVM33,PS,603.0,FUEL,FUEL,FUEL,FUEL,FUEL,FUEL,FUEL,FUEL,FUEL,0,FUEL,0,1/1/2017,12/31/2054,FUEL,,,FUEL,0,0,,FUEL,FUEL,,FUEL,,,Demand,hr_ElecLoadShapes|WECC_EV_LDVUse|2009,yr_WECC_PNW_TacomaPower_capacity_LDVM33,yr_WECC_PNW_TacomaPower_max_storage_LDVM_storage33,0.5,,,,,,,,,,,,,,,,,,,,,,,,,,,,,,,,,,,,TRUE,FUEL,-1,,,,,,,,,,,,,OP,,2018,,,,,,,,,,,,,,,,,,,,,,,,,,,,,,,,,EV_MNGLDV,
206,WECC_PublicServiceCO,LDVM,FALSE,LDVM34,WECC_PublicServiceCO_LDVM,na,0,yr_WECC_PublicServiceCO_capacity_LDVM34,yr_WECC_PublicServiceCO_capacity_LDVM34,PS,623.0,FUEL,FUEL,FUEL,FUEL,FUEL,FUEL,FUEL,FUEL,FUEL,0,FUEL,0,1/1/2017,12/31/2054,FUEL,,,FUEL,0,0,,FUEL,FUEL,,FUEL,,,Demand,hr_ElecLoadShapes|WECC_EV_LDVUse|2009,yr_WECC_PublicServiceCO_capacity_LDVM34,yr_WECC_PublicServiceCO_max_storage_LDVM_storage34,0.5,,,,,,,,,,,,,,,,,,,,,,,,,,,,,,,,,,,,TRUE,FUEL,-1,,,,,,,,,,,,,OP,,2018,,,,,,,,,,,,,,,,,,,,,,,,,,,,,,,,,EV_MNGLDV,
207,WECC_PublicServiceNM,LDVM,FALSE,LDVM35,WECC_PublicServiceNM_LDVM,na,0,yr_WECC_PublicServiceNM_capacity_LDVM35,yr_WECC_PublicServiceNM_capacity_LDVM35,PS,627.0,FUEL,FUEL,FUEL,FUEL,FUEL,FUEL,FUEL,FUEL,FUEL,0,FUEL,0,1/1/2017,12/31/2054,FUEL,,,FUEL,0,0,,FUEL,FUEL,,FUEL,,,Demand,hr_ElecLoadShapes|WECC_EV_LDVUse|2009,yr_WECC_PublicServiceNM_capacity_LDVM35,yr_WECC_PublicServiceNM_max_storage_LDVM_storage35,0.5,,,,,,,,,,,,,,,,,,,,,,,,,,,,,,,,,,,,TRUE,FUEL,-1,,,,,,,,,,,,,OP,,2018,,,,,,,,,,,,,,,,,,,,,,,,,,,,,,,,,EV_MNGLDV,
208,WECC_SaltRiverProject,LDVM,FALSE,LDVM36,WECC_SaltRiverProject_LDVM,na,0,yr_WECC_SaltRiverProject_capacity_LDVM36,yr_WECC_SaltRiverProject_capacity_LDVM36,PS,625.0,FUEL,FUEL,FUEL,FUEL,FUEL,FUEL,FUEL,FUEL,FUEL,0,FUEL,0,1/1/2017,12/31/2054,FUEL,,,FUEL,0,0,,FUEL,FUEL,,FUEL,,,Demand,hr_ElecLoadShapes|WECC_EV_LDVUse|2009,yr_WECC_SaltRiverProject_capacity_LDVM36,yr_WECC_SaltRiverProject_max_storage_LDVM_storage36,0.5,,,,,,,,,,,,,,,,,,,,,,,,,,,,,,,,,,,,TRUE,FUEL,-1,,,,,,,,,,,,,OP,,2018,,,,,,,,,,,,,,,,,,,,,,,,,,,,,,,,,EV_MNGLDV,
209,WECC_TucsonElectric,LDVM,FALSE,LDVM37,WECC_TucsonElectric_LDVM,na,0,yr_WECC_TucsonElectric_capacity_LDVM37,yr_WECC_TucsonElectric_capacity_LDVM37,PS,626.0,FUEL,FUEL,FUEL,FUEL,FUEL,FUEL,FUEL,FUEL,FUEL,0,FUEL,0,1/1/2017,12/31/2054,FUEL,,,FUEL,0,0,,FUEL,FUEL,,FUEL,,,Demand,hr_ElecLoadShapes|WECC_EV_LDVUse|2009,yr_WECC_TucsonElectric_capacity_LDVM37,yr_WECC_TucsonElectric_max_storage_LDVM_storage37,0.5,,,,,,,,,,,,,,,,,,,,,,,,,,,,,,,,,,,,TRUE,FUEL,-1,,,,,,,,,,,,,OP,,2018,,,,,,,,,,,,,,,,,,,,,,,,,,,,,,,,,EV_MNGLDV,
210,WECC_VEA,LDVM,FALSE,LDVM38,WECC_VEA_LDVM,na,0,yr_WECC_VEA_capacity_LDVM38,yr_WECC_VEA_capacity_LDVM38,PS,622.0,FUEL,FUEL,FUEL,FUEL,FUEL,FUEL,FUEL,FUEL,FUEL,0,FUEL,0,1/1/2017,12/31/2054,FUEL,,,FUEL,0,0,,FUEL,FUEL,,FUEL,,,Demand,hr_ElecLoadShapes|WECC_EV_LDVUse|2009,yr_WECC_VEA_capacity_LDVM38,yr_WECC_VEA_max_storage_LDVM_storage38,0.5,,,,,,,,,,,,,,,,,,,,,,,,,,,,,,,,,,,,TRUE,FUEL,-1,,,,,,,,,,,,,OP,,2018,,,,,,,,,,,,,,,,,,,,,,,,,,,,,,,,,EV_MNGLDV,
211,WECC_WAPA_CO,LDVM,FALSE,LDVM39,WECC_WAPA_CO_LDVM,na,0,yr_WECC_WAPA_CO_capacity_LDVM39,yr_WECC_WAPA_CO_capacity_LDVM39,PS,618.0,FUEL,FUEL,FUEL,FUEL,FUEL,FUEL,FUEL,FUEL,FUEL,0,FUEL,0,1/1/2017,12/31/2054,FUEL,,,FUEL,0,0,,FUEL,FUEL,,FUEL,,,Demand,hr_ElecLoadShapes|WECC_EV_LDVUse|2009,yr_WECC_WAPA_CO_capacity_LDVM39,yr_WECC_WAPA_CO_max_storage_LDVM_storage39,0.5,,,,,,,,,,,,,,,,,,,,,,,,,,,,,,,,,,,,TRUE,FUEL,-1,,,,,,,,,,,,,OP,,2018,,,,,,,,,,,,,,,,,,,,,,,,,,,,,,,,,EV_MNGLDV,
212,WECC_WAPA_LwrCO,LDVM,FALSE,LDVM40,WECC_WAPA_LwrCO_LDVM,na,0,yr_WECC_WAPA_LwrCO_capacity_LDVM40,yr_WECC_WAPA_LwrCO_capacity_LDVM40,PS,620.0,FUEL,FUEL,FUEL,FUEL,FUEL,FUEL,FUEL,FUEL,FUEL,0,FUEL,0,1/1/2017,12/31/2054,FUEL,,,FUEL,0,0,,FUEL,FUEL,,FUEL,,,Demand,hr_ElecLoadShapes|WECC_EV_LDVUse|2009,yr_WECC_WAPA_LwrCO_capacity_LDVM40,yr_WECC_WAPA_LwrCO_max_storage_LDVM_storage40,0.5,,,,,,,,,,,,,,,,,,,,,,,,,,,,,,,,,,,,TRUE,FUEL,-1,,,,,,,,,,,,,OP,,2018,,,,,,,,,,,,,,,,,,,,,,,,,,,,,,,,,EV_MNGLDV,
213,WECC_WAPA_UprMO,LDVM,FALSE,LDVM41,WECC_WAPA_UprMO_LDVM,na,0,yr_WECC_WAPA_UprMO_capacity_LDVM41,yr_WECC_WAPA_UprMO_capacity_LDVM41,PS,621.0,FUEL,FUEL,FUEL,FUEL,FUEL,FUEL,FUEL,FUEL,FUEL,0,FUEL,0,1/1/2017,12/31/2054,FUEL,,,FUEL,0,0,,FUEL,FUEL,,FUEL,,,Demand,hr_ElecLoadShapes|WECC_EV_LDVUse|2009,yr_WECC_WAPA_UprMO_capacity_LDVM41,yr_WECC_WAPA_UprMO_max_storage_LDVM_storage41,0.5,,,,,,,,,,,,,,,,,,,,,,,,,,,,,,,,,,,,TRUE,FUEL,-1,,,,,,,,,,,,,OP,,2018,,,,,,,,,,,,,,,,,,,,,,,,,,,,,,,,,EV_MNGLDV,
214,WECC_WAPA_WY,LDVM,FALSE,LDVM42,WECC_WAPA_WY_LDVM,na,0,yr_WECC_WAPA_WY_capacity_LDVM42,yr_WECC_WAPA_WY_capacity_LDVM42,PS,619.0,FUEL,FUEL,FUEL,FUEL,FUEL,FUEL,FUEL,FUEL,FUEL,0,FUEL,0,1/1/2017,12/31/2054,FUEL,,,FUEL,0,0,,FUEL,FUEL,,FUEL,,,Demand,hr_ElecLoadShapes|WECC_EV_LDVUse|2009,yr_WECC_WAPA_WY_capacity_LDVM42,yr_WECC_WAPA_WY_max_storage_LDVM_storage42,0.5,,,,,,,,,,,,,,,,,,,,,,,,,,,,,,,,,,,,TRUE,FUEL,-1,,,,,,,,,,,,,OP,,2018,,,,,,,,,,,,,,,,,,,,,,,,,,,,,,,,,EV_MNGLDV,
